word,reading,meaning,example,type,category_id
汗水垂らして,あせみずたらして,一生懸命働くこと。,汗水垂らして働いた甲斐があって、家を建てることができた。,慣用句,1
骨を折る,ほねをおる,努力する、苦労する。,新商品の開発のために骨を折った。,慣用句,1
身を粉にして,みをこにして,自分を犠牲にしてまで一生懸命働くこと。,彼は家族のために身を粉にして働いている。,慣用句,1
精を出す,せいをだす,熱心に取り組む。,彼は勉強に精を出している。,慣用句,1
額に汗する,ひたいにあせする,一生懸命働く。,額に汗して働く父の姿を見て感動した。,慣用句,1
手に汗握る,てにあせにぎる,緊張や興奮で手に汗をかくほど真剣になる。,手に汗握る試合展開だった。,慣用句,1
力を尽くす,ちからをつくす,全力で努力する。,彼は患者の治療に力を尽くした。,慣用句,1
身を入れる,みをいれる,熱心に取り組む。,彼は新しい仕事に身を入れている。,慣用句,1
血と汗の結晶,ちとあせのけっしょう,懸命な努力の成果。,この作品は彼の血と汗の結晶だ。,慣用句,1
死力を尽くす,しりょくをつくす,命がけで全力を尽くす。,彼は試合で死力を尽くした。,慣用句,1
油を売る,あぶらをうる,なまけてのんびりしている。,仕事中に油を売ってばかりいては困る。,慣用句,1
手を抜く,てをぬく,手加減をする、手を抜いて仕事をする。,大切な仕事では手を抜いてはいけない。,慣用句,1
寝食を忘れる,しんしょくをわすれる,何かに夢中になって食事や睡眠を忘れる。,彼は研究に寝食を忘れて取り組んでいる。,慣用句,1
気を入れる,きをいれる,真剣に取り組む。,今度のプロジェクトには気を入れて取り組もう。,慣用句,1
腰を据える,こしをすえる,本格的に取り組む。,いよいよ腰を据えて勉強に取り組んだ。,慣用句,1
肌が合わない,はだがあわない,性格が合わない。,彼とは肌が合わないようだ。,慣用句,2
心を通わせる,こころをかよわせる,互いに理解し合う。,二人は心を通わせている。,慣用句,2
肩を並べる,かたをならべる,同等の地位につく。,ついに先輩と肩を並べることができた。,慣用句,2
目に入れても痛くない,めにいれてもいたくない,非常にかわいがる。,孫は目に入れても痛くないほどかわいい。,慣用句,2
水と油,みずとあぶら,性格や考え方が合わない関係。,二人は水と油の関係だ。,慣用句,2
呼吸を合わせる,こきゅうをあわせる,タイミングを合わせて協調する。,チーム全体で呼吸を合わせて取り組んだ。,慣用句,2
後生大事に,ごしょうだいじに,非常に大切にする。,形見の品を後生大事にしている。,慣用句,2
鼻であしらう,はなであしらう,冷たく扱う。,彼は新人を鼻であしらった。,慣用句,2
虫が好かない,むしがすかない,なんとなく嫌い。,あの人は虫が好かない。,慣用句,2
心を開く,こころをひらく,本心を打ち明ける。,ようやく彼が心を開いてくれた。,慣用句,2
気が利く,きがきく,細かいところに気がつく。,彼女は気が利いて仕事ができる。,慣用句,2
顔色をうかがう,かおいろをうかがう,相手の機嫌や様子を見る。,上司の顔色をうかがって行動している。,慣用句,2
頭が上がらない,あたまがあがらない,相手に対して劣等感を持つ、恩義がある。,奥さんには頭が上がらない。,慣用句,2
鼻高々,はなたかだか,得意になって威張る様子。,息子の成功で鼻高々だ。,慣用句,2
目をかけてもらう,めをかけてもらう,特別に世話をしてもらう。,先輩に目をかけてもらって感謝している。,慣用句,2
袖にする,そでにする,冷たく扱う、無視する。,彼女に袖にされて落ち込んでいる。,慣用句,2
手のひらで踊る,てのひらでおどる,相手の思うままに操られる。,彼の手のひらで踊らされていた。,慣用句,2
膝を突き合わせる,ひざをつきあわせる,親しく向かい合って話し合う。,膝を突き合わせて相談した。,慣用句,2
目くじらを立てる,めくじらをたてる,細かいことにも文句をつける。,そんなことで目くじらを立てるな。,慣用句,2
腹が立つ,はらがたつ,怒りを感じる。,彼の態度に腹が立った。,慣用句,2
気が短い,きがみじかい,すぐに怒る性格。,彼は気が短くてすぐ怒る。,慣用句,2
目が回る,めがまわる,非常に忙しい。,年末で目が回るような忙しさだ。,慣用句,2
耳が遠い,みみがとおい,聞こえが悪い。,祖父は耳が遠くなった。,慣用句,2
鼻が高い,はながたかい,誇らしく思う。,息子の活躍で鼻が高い。,慣用句,2
胸が痛む,むねがいたむ,心配や同情で心が苦しい。,彼の境遇を聞いて胸が痛んだ。,慣用句,2
肩が凝る,かたがこる,肩の筋肉が緊張する、うんざりする。,パソコン作業で肩が凝った。,慣用句,2
手が空く,てがあく,仕事が一段落する。,この仕事が終わったら手が空く。,慣用句,2
足が出る,あしがでる,予算を超過する。,今月は家計から足が出そうだ。,慣用句,2
口が過ぎる,くちがすぎる,言いすぎる。,彼は口が過ぎることがある。,慣用句,2
目が届く,めがとどく,注意が行き渡る。,先生の目が届いているので安心だ。,慣用句,2
耳が早い,みみがはやい,情報を早く知る。,彼は耳が早くて何でも知っている。,慣用句,2
胸を打つ,むねをうつ,深く感動させる。,彼の話は胸を打つものがあった。,慣用句,2
腹を決める,はらをきめる,決心する、覚悟を決める。,腹を決めて転職することにした。,慣用句,2
背中を向ける,せなかをむける,関心を示さない、無視する。,彼は私に背中を向けて歩いて行った。,慣用句,2
目を奪う,めをうばう,注意を引きつける、魅了する。,美しい景色が目を奪った。,慣用句,2
耳を疑う,みみをうたがう,聞いたことが信じられない。,彼の発言に耳を疑った。,慣用句,2
口を挟む,くちをはさむ,会話に割り込む。,話の途中で口を挟むのは失礼だ。,慣用句,2
手を引く,てをひく,関わりをやめる、撤退する。,その事業から手を引くことにした。,慣用句,2
足を洗う,あしをあらう,悪い仲間から抜ける。,ギャンブルから足を洗った。,慣用句,2
肩を落とす,かたをおとす,がっかりする。,試験に落ちて肩を落とした。,慣用句,2
目から鱗が落ちる,めからうろこがおちる,急に物事がよく理解できるようになる。,彼の説明で目から鱗が落ちた。,慣用句,3
頭を絞る,あたまをしぼる,一生懸命考える。,問題解決のために頭を絞った。,慣用句,3
知恵を絞る,ちえをしぼる,知恵を働かせて考える。,知恵を絞って新しいアイデアを考えた。,慣用句,3
目が開ける,めがひらける,見識が広がる、理解が深まる。,海外旅行で目が開けた。,慣用句,3
頭が切れる,あたまがきれる,頭が良い、判断力がある。,彼は頭が切れる人だ。,慣用句,3
物知り顔,ものしりがお,知ったかぶりをする様子。,彼はいつも物知り顔で話す。,慣用句,3
目が覚める,めがさめる,理解する、気づく。,彼の話で現実に目が覚めた。,慣用句,3
鼻が利く,はながきく,勘が鋭い、察知能力がある。,彼は商売の鼻が利く。,慣用句,3
光が射す,ひかりがさす,希望が見える、解決の糸口が見つかる。,研究に光が射してきた。,慣用句,3
目を見張る,めをみはる,非常に驚く。,彼の成長ぶりに目を見張った。,慣用句,3
頭に入る,あたまにはいる,理解する、記憶する。,難しい内容がなかなか頭に入らない。,慣用句,3
耳に残る,みみにのこる,印象に残る、記憶される。,彼の言葉が耳に残っている。,慣用句,3
胸に刻む,むねにきざむ,深く心に留める。,先生の教えを胸に刻んだ。,慣用句,3
頭を使う,あたまをつかう,考える、知恵を働かせる。,もっと頭を使って考えよう。,慣用句,3
耳学問,みみがくもん,人から聞いて得た知識。,それは耳学問で覚えたことだ。,慣用句,3
目が肥える,めがこえる,鑑識眼が養われる。,美術館通いで目が肥えた。,慣用句,3
腹に落ちる,はらにおちる,納得する、理解する。,彼の説明で腹に落ちた。,慣用句,3
口が重い,くちがおもい,あまり話したがらない。,彼は口が重くてなかなか話してくれない。,慣用句,3
舌を巻く,したをまく,非常に感心する。,彼の技術に舌を巻いた。,慣用句,3
耳が痛い,みみがいたい,批判や忠告が身に沁みる。,彼の忠告は耳が痛い。,慣用句,3
目を向ける,めをむける,注意を払う、関心を示す。,環境問題に目を向けるべきだ。,慣用句,3
鼻毛を読む,はなげをよむ,相手の心を読み取る。,彼は人の鼻毛を読むのが上手い。,慣用句,3
目が高い,めがたかい,鑑識眼がある。,彼は芸術作品を見る目が高い。,慣用句,3
耳に挟む,みみにはさむ,ちょっと聞く、うわさを聞く。,彼の昇進を耳に挟んだ。,慣用句,3
頭に血が上る,あたまにちがのぼる,興奮して冷静さを失う。,頭に血が上って冷静に判断できなかった。,慣用句,3
目を光らせる,めをひからせる,厳しく監視する。,先生は生徒に目を光らせている。,慣用句,3
胸が空く,むねがすく,気分がすっきりする。,真実を知って胸が空いた。,慣用句,3
目に付く,めにつく,目立つ、気になる。,彼の行動が目に付く。,慣用句,3
口を酸っぱくする,くちをすっぱくする,何度も繰り返し言う。,口を酸っぱくして注意した。,慣用句,3
骨折り損のくたびれ儲け,ほねおりぞんのくたびれもうけ,努力したのに報われず疲れただけ。,結局骨折り損のくたびれ儲けに終わった。,慣用句,4
身を立てる,みをたてる,成功して地位を築く。,彼は努力して身を立てた。,慣用句,4
名を上げる,なをあげる,有名になる、名声を得る。,彼は若くして名を上げた。,慣用句,4
足をすくわれる,あしをすくわれる,不意に失敗させられる。,油断して足をすくわれた。,慣用句,4
二階から目薬,にかいからめぐすり,回りくどくて効果がない。,そんな方法では二階から目薬だ。,慣用句,4
手も足も出ない,てもあしもでない,どうにも手の打ちようがない。,難問で手も足も出なかった。,慣用句,4
花を咲かせる,はなをさかせる,成功する、成果を上げる。,ついに彼の努力が花を咲かせた。,慣用句,4
水の泡となる,みずのあわとなる,努力が無駄になる。,長年の努力が水の泡となった。,慣用句,4
墓穴を掘る,ぼけつをほる,自分で自分の首を絞める。,余計なことを言って墓穴を掘った。,慣用句,4
一山当てる,ひとやまあてる,大きな成功を収める。,彼は株で一山当てた。,慣用句,4
化けの皮が剥がれる,ばけのかわがはがれる,隠していた正体が露見する。,ついに彼の化けの皮が剥がれた。,慣用句,4
つまずきの石,つまずきのいし,失敗の原因となるもの。,慢心がつまずきの石となった。,慣用句,4
身から出た錆,みからでたさび,自分の行いが原因で起こった災い。,彼の失敗は身から出た錆だ。,慣用句,4
馬脚を現す,ばきゃくをあらわす,隠していた正体や欠点が露見する。,ついに彼の馬脚を現した。,慣用句,4
鬼に金棒,おににかなぼう,強い者がさらに強くなること。,彼に新しい技術が加われば鬼に金棒だ。,慣用句,4
虎の子,とらのこ,大切にしているもの。,虎の子の貯金を使った。,慣用句,4
蛇の道は蛇,じゃのみちはへび,同じ分野の人は互いのことをよく知っている。,蛇の道は蛇で彼の正体はすぐ分かった。,慣用句,4
鳶に油揚げをさらわれる,とびにあぶらあげをさらわれる,横から利益を奪われる。,鳶に油揚げをさらわれたような気分だ。,慣用句,4
雲の上の人,くものうえのひと,身分の高い人。,CEO は雲の上の人だ。,慣用句,4
高嶺の花,たかねのはな,手の届かない存在。,彼女は僕には高嶺の花だ。,慣用句,4
腕が上がる,うでがあがる,技術が向上する。,練習のおかげで腕が上がった。,慣用句,4
腕が鳴る,うでがなる,技術を発揮したくてうずうずする。,久しぶりの料理で腕が鳴る。,慣用句,4
口から出まかせ,くちからでまかせ,その場しのぎのいい加減な発言。,彼の話は口から出まかせだ。,慣用句,4
手に負えない,てにおえない,扱いきれない。,この問題は手に負えない。,慣用句,4
二の足を踏む,にのあしをふむ,ためらって決断できない。,投資に二の足を踏んでいる。,慣用句,4
笛吹けど踊らず,ふえふけどおどらず,働きかけても反応がない。,改革を提案したが笛吹けど踊らずだった。,慣用句,4
後の先,ごのせん,後手に回りながら勝機をつかむこと。,後の先の戦略で勝利した。,慣用句,4
勝負に出る,しょうぶにでる,思い切って行動する。,ここで勝負に出ることにした。,慣用句,4
一花咲かせる,ひとはなさかせる,一度は成功する。,故郷で一花咲かせたい。,慣用句,4
鼻を折る,はなをおる,相手の pride を打ち砕く。,彼の鼻を折ってやった。,慣用句,4
しっぽを出す,しっぽをだす,隠していた正体を現す。,ついにしっぽを出した。,慣用句,4
息の根を止める,いきのねをとめる,完全に打ち負かす。,ライバル会社の息の根を止めた。,慣用句,4
風の前の塵,かぜのまえのちり,非常にもろい存在。,彼らの抵抗は風の前の塵のようだった。,慣用句,4
泥船に乗る,どろぶねにのる,失敗する運命にある事業に参加する。,その会社は泥船に乗るようなものだ。,慣用句,4
地に足がつく,ちにあしがつく,現実的で堅実である。,彼の計画は地に足がついている。,慣用句,4
天にも昇る心地,てんにものぼるここち,非常に嬉しい気持ち。,合格発表で天にも昇る心地だった。,慣用句,4
鶴の一声,つるのひとこえ,権力者の一言で物事が決まること。,社長の鶴の一声で計画が決定した。,慣用句,4
蜘蛛の子を散らす,くものこをちらす,ばらばらに逃げ散る。,警察が来ると皆蜘蛛の子を散らすように逃げた。,慣用句,4
雲泥の差,うんでいのさ,非常に大きな違い。,二人の実力には雲泥の差がある。,慣用句,4
天と地の差,てんとちのさ,非常に大きな違い。,前回と今回では天と地の差がある。,慣用句,4
後の祭り,あとのまつり,時機を逸して手遅れになること。,今更言っても後の祭りだ。,慣用句,5
船に乗り遅れる,ふねにのりおくれる,機会を逃す。,ブームの船に乗り遅れてしまった。,慣用句,5
時機を見る,じきをみる,適切なタイミングを見計らう。,時機を見て話を切り出そう。,慣用句,5
日の目を見る,ひのめをみる,世に認められる機会を得る。,ついに彼の才能が日の目を見た。,慣用句,5
時を稼ぐ,ときをかせぐ,時間を作る、時間を延ばす。,なんとか時を稼いで準備を整えた。,慣用句,5
間が悪い,まがわるい,タイミングが悪い。,雨が降り出すなんて間が悪い。,慣用句,5
時を得る,ときをえる,良いタイミングを得る。,彼は時を得て成功した。,慣用句,5
時の氏神,ときのうじがみ,困ったときに現れる助け人。,彼は時の氏神のように現れた。,慣用句,5
時代の波に乗る,じだいのなみにのる,時代の流れに合わせる。,彼は時代の波に乗って成功した。,慣用句,5
今が潮時,いまがしおどき,今が最適なタイミング。,転職するなら今が潮時だ。,慣用句,5
時を同じくして,ときをおなじくして,同じタイミングで。,時を同じくして二つの事件が起こった。,慣用句,5
旬を逃す,しゅんをのがす,最適な時期を逃す。,商品の旬を逃してしまった。,慣用句,5
鉄は熱いうちに打て,てつはあついうちにうて,時機を逸しないうちに物事を行う。,鉄は熱いうちに打てというから、今すぐ行動しよう。,慣用句,5
石の上にも三年,いしのうえにもさんねん,どんなに辛くても我慢強く続ければ成功する。,石の上にも三年というから、この仕事も続けてみよう。,慣用句,5
棚からぼた餅,たなからぼたもち,思いがけない幸運。,宝くじに当選するなんて棚からぼた餅だ。,慣用句,5
泣きっ面に蜂,なきっつらにはち,悪いことが重なる。,風邪をひいた上に仕事でミスをして泣きっ面に蜂だ。,慣用句,5
弱り目に祟り目,よわりめにたたりめ,悪いことが重なって起こる。,怪我をした上に仕事を失うなんて弱り目に祟り目だ。,慣用句,5
虎穴に入らずんば虎子を得ず,こけつにいらずんばこしをえず,危険を冒さなければ成功は得られない。,虎穴に入らずんば虎子を得ずで挑戦してみよう。,慣用句,5
三度目の正直,さんどめのしょうじき,三回目には成功する。,三度目の正直で合格した。,慣用句,5
七転び八起き,ななころびやおき,何度失敗しても諦めずに立ち上がる。,七転び八起きの精神で頑張ろう。,慣用句,5
ちりも積もれば山となる,ちりもつもればやまとなる,小さなものでも積み重なれば大きくなる。,ちりも積もれば山となるから毎日貯金しよう。,慣用句,5
瓢箪から駒,ひょうたんからこま,思いがけないことが起こる。,彼の成功は瓢箪から駒だった。,慣用句,5
笑う門には福来たる,わらうかどにはふくきたる,明るい家庭には幸福がやってくる。,笑う門には福来たるというから明るくいこう。,慣用句,5
飛んで火に入る夏の虫,とんでひにいるなつのむし,自分から災いに飛び込むこと。,彼の行動は飛んで火に入る夏の虫だ。,慣用句,5
二度あることは三度ある,にどあることはさんどある,同じことが続けて起こりやすい。,二度あることは三度あるから気をつけよう。,慣用句,5
急がば回れ,いそがばまわれ,急ぐときこそ確実な方法を取れ。,急がば回れで丁寧に作業しよう。,慣用句,5
朝起きは三文の徳,あさおきはさんもんのとく,早起きは良いことがある。,朝起きは三文の徳というから早く起きよう。,慣用句,5
待てば海路の日和あり,まてばかいろのひよりあり,待っていれば良い機会がやってくる。,待てば海路の日和ありで焦らずに待とう。,慣用句,5
思い立ったが吉日,おもいたったがきちじつ,決心したらすぐに実行するのが良い。,思い立ったが吉日で今すぐ始めよう。,慣用句,5
明日は明日の風が吹く,あしたはあしたのかぜがふく,将来のことは分からない。,明日は明日の風が吹くから心配するな。,慣用句,5
雲の切れ間,くものきれま,希望が見える瞬間。,困難な状況に雲の切れ間が見えた。,慣用句,6
雪に耐える松,ゆきにたえるまつ,困難に耐え抜く強さ。,彼は雪に耐える松のような人だ。,慣用句,6
嵐の前の静けさ,あらしのまえのしずけさ,大変なことが起こる前の平穏。,今の平穏は嵐の前の静けさかもしれない。,慣用句,6
風向きが変わる,かざむきがかわる,状況や形勢が変化する。,プロジェクトの風向きが変わってきた。,慣用句,6
霧が晴れる,きりがはれる,疑問や不安が解消される。,ようやく心の霧が晴れた。,慣用句,6
雷に打たれる,かみなりにうたれる,突然の衝撃を受ける。,彼の提案に雷に打たれたような衝撃を受けた。,慣用句,6
春一番,はるいちばん,最初に現れる変化の兆し。,彼の成功は業界の春一番だった。,慣用句,6
山が動く,やまがうごく,大きな変化が起こる。,ついに政界の山が動いた。,慣用句,6
川の流れのように,かわのながれのように,自然な流れに任せて。,川の流れのように人生を歩んでいる。,慣用句,6
花咲か爺さん,はなさかじいさん,良いことを起こす人。,彼は職場の花咲か爺さんだ。,慣用句,6
木を見て森を見ず,きをみてもりをみず,細部にとらわれて全体が見えない。,彼は木を見て森を見ない傾向がある。,慣用句,6
一寸の虫にも五分の魂,いっすんのむしにもごぶのたましい,どんな小さな生き物にも心がある。,一寸の虫にも五分の魂というから大切にしよう。,慣用句,6
月とすっぽん,つきとすっぽん,非常に大きな違い。,二人の実力は月とすっぽんだ。,慣用句,6
大海の一滴,たいかいのいってき,全体に比べて非常に小さなもの。,私の貢献は大海の一滴に過ぎない。,慣用句,6
柳に風,やなぎにかぜ,逆らわずに受け流すこと。,彼の批判は柳に風と受け流した。,慣用句,6
竹を割ったような,たけをわったような,さっぱりとした性格。,彼女は竹を割ったような性格だ。,慣用句,6
空気を読む,くうきをよむ,場の雰囲気を察する。,彼は空気を読むのが上手い。,慣用句,6
雲をつかむような話,くもをつかむようなはなし,現実味のない話。,彼の計画は雲をつかむような話だ。,慣用句,6
晴天の霹靂,せいてんのへきれき,突然の驚くべき出来事。,彼の退職は晴天の霹靂だった。,慣用句,6
泥沼にはまる,どろぬまにはまる,困難な状況から抜け出せなくなる。,問題が泥沼にはまってしまった。,慣用句,6
雨降って地固まる,あめふってじかたまる,困難な出来事の後、状況が良くなる。,雨降って地固まるで関係が改善した。,慣用句,6
風が吹けば桶屋が儲かる,かぜがふけばおけやがもうかる,意外なところに影響が及ぶ。,風が吹けば桶屋が儲かるような関係だ。,慣用句,6
青は藍より出でて藍より青し,あおはあいよりいでてあいよりあおし,弟子が師匠を超える。,青は藍より出でて藍より青しで彼は先生を超えた。,慣用句,6
水清ければ魚住まず,みずきよければうおすまず,清すぎると人が寄り付かない。,水清ければ魚住まずで厳しすぎるのも考えものだ。,慣用句,6
五月雨式に,さみだれしきに,断続的に続くこと。,質問が五月雨式に寄せられた。,慣用句,6
火中の栗を拾う,かちゅうのくりをひろう,危険を冒して他人のために尽力する。,火中の栗を拾う覚悟で引き受けた。,慣用句,6
雲行きが怪しい,くもゆきがあやしい,状況が悪い方向に向かっている。,会議の雲行きが怪しくなってきた。,慣用句,6
花に嵐,はなにあらし,美しいものに災いが降りかかること。,花に嵐で彼女にも不幸が降りかかった。,慣用句,6
寝耳に水,ねみみにみず,全く予期しない知らせ。,彼の転職は寝耳に水だった。,慣用句,6
猫に小判,ねこにこばん,価値の分からない人に貴重なものを与えても無駄。,彼に名画を見せても猫に小判だ。,慣用句,7
豚に真珠,ぶたにしんじゅ,価値の分からない人に貴重なものを与えても無駄。,彼に高級品を贈っても豚に真珠だ。,慣用句,7
金の卵を産む鶏,きんのたまごをうむにわとり,継続的に利益をもたらすもの。,この事業は金の卵を産む鶏だ。,慣用句,7
金に糸目をつけない,かねにいとめをつけない,お金を惜しまない。,息子の教育には金に糸目をつけない。,慣用句,7
安物買いの銭失い,やすものがいのぜにうしない,安いものを買うと結局損をする。,安物買いの銭失いにならないよう気をつけよう。,慣用句,7
宝の持ち腐れ,たからのもちぐされ,貴重なものを活用しないこと。,その技術を使わないなんて宝の持ち腐れだ。,慣用句,7
金が物を言う,かねがものをいう,お金が力を持つ。,この世界では金が物を言う。,慣用句,7
身を切る,みをきる,自分を犠牲にして金銭を出す。,身を切って息子の学費を払った。,慣用句,7
懐が寂しい,ふところがさびしい,お金がない。,今月は懐が寂しくて外食できない。,慣用句,7
火の車,ひのくるま,経済状況が非常に苦しい。,家計が火の車で困っている。,慣用句,7
金回りが良い,かねまわりがよい,経済状況が良好。,最近は金回りが良くて助かる。,慣用句,7
金を湯水のように使う,かねをゆみずのようにつかう,お金を無駄遣いする。,彼は金を湯水のように使って破産した。,慣用句,7
一文無し,いちもんなし,全くお金がないこと。,ギャンブルで一文無しになった。,慣用句,7
金に目がくらむ,かねにめがくらむ,お金の魅力に惑わされる。,金に目がくらんで悪事に手を染めた。,慣用句,7
元も子もない,もともこもない,全てを失ってしまう。,そんなことをしたら元も子もない。,慣用句,7
金の工面,かねのくめん,お金を調達すること。,金の工面に苦労している。,慣用句,7
泥棒に追い銭,どろぼうにおいぜん,損の上にさらに損を重ねること。,それでは泥棒に追い銭だ。,慣用句,7
金は天下の回り物,かねはてんかのまわりもの,お金は世の中を回っているもの。,金は天下の回り物だから焦らずに待とう。,慣用句,7
金の切れ目が縁の切れ目,かねのきれめがえんのきれめ,お金がなくなると人間関係も終わる。,金の切れ目が縁の切れ目で友人が離れていった。,慣用句,7
貧乏暇なし,びんぼうひまなし,貧しいと働き続けなければならない。,貧乏暇なしで休む時間がない。,慣用句,7
一攫千金を狙う,いっかくせんきんをねらう,一度に大金を得ようとする。,宝くじで一攫千金を狙っている。,慣用句,7
地獄の沙汰も金次第,じごくのさたもかねしだい,金があれば何でもできる。,地獄の沙汰も金次第というが現実は厳しい。,慣用句,7
時は金なり,ときはかねなり,時間はお金と同じく貴重。,時は金なりだから急いで仕事をしよう。,慣用句,7
一銭を笑う者は一銭に泣く,いっせんをわらうものはいっせんになく,小さなお金を軽視する者は後で困る。,一銭を笑う者は一銭に泣くから節約しよう。,慣用句,7
銭勘定,ぜにかんじょう,お金の計算、金銭管理。,彼は銭勘定が得意だ。,慣用句,7
頭が痛い,あたまがいたい,悩ましい問題がある。,人手不足で頭が痛い。,慣用句,8
胃が痛い,いがいたい,心配事で精神的に参る。,プレゼンのことを考えると胃が痛い。,慣用句,8
肩の荷が下りる,かたのにがおりる,責任や負担から解放される。,プロジェクトが終わって肩の荷が下りた。,慣用句,8
足腰が立たない,あしこしがたたない,体力がなくなる、経営が成り立たない。,高齢で足腰が立たなくなった。,慣用句,8
息を抜く,いきをぬく,休息する、気を抜く。,たまには息を抜くことも大切だ。,慣用句,8
病は気から,やまいはきから,病気は心の持ちようが関係する。,病は気からというから前向きに考えよう。,慣用句,8
目が疲れる,めがつかれる,見続けて疲労する。,パソコン作業で目が疲れた。,慣用句,8
手足が冷える,てあしがひえる,体の末端が冷たくなる。,冬になると手足が冷える。,慣用句,8
朝飯前,あさめしまえ,非常に簡単なこと。,その程度の仕事は朝飯前だ。,慣用句,8
早寝早起き,はやねはやおき,健康的な生活習慣。,早寝早起きを心がけている。,慣用句,8
食べ物の恨み,たべもののうらみ,食事に関する恨みは深い。,食べ物の恨みは恐ろしいと言うからね。,慣用句,8
医者の不養生,いしゃのふようじょう,人に勧めることを自分はしない。,医者の不養生で自分の健康管理ができていない。,慣用句,8
血色が良い,けっしょくがよい,健康で顔色が良い。,彼は血色が良くて健康そうだ。,慣用句,8
二日酔い,ふつかよい,酒を飲みすぎた翌日の不調。,昨夜飲みすぎて二日酔いだ。,慣用句,8
風邪は万病の元,かぜはまんびょうのもと,風邪から他の病気になることがある。,風邪は万病の元だから気をつけよう。,慣用句,8
薬も過ぎれば毒となる,くすりもすぎればどくとなる,良いものでも度を超すと害になる。,薬も過ぎれば毒となるから適度にしよう。,慣用句,8
転ばぬ先の杖,ころばぬさきのつえ,事前に用意をしておく。,転ばぬ先の杖で保険に入っておこう。,慣用句,8
命あっての物種,いのちあってのものだね,生きていてこそ価値がある。,命あっての物種だから安全第一で行こう。,慣用句,8
身体が資本,しんたいがしほん,健康な体こそが基盤。,身体が資本だから健康管理をしっかりしよう。,慣用句,8
毒を食らわば皿まで,どくをくらわばさらまで,悪いことをするなら徹底的に。,毒を食らわば皿までで最後までやり抜こう。,慣用句,8
目を覚ます,めをさます,眠りから目覚める、現実に気づく。,朝六時に目を覚ました。,慣用句,8
骨休め,ほねやすめ,疲れた体を休めること。,温泉で骨休めをしてきた。,慣用句,8
手足を伸ばす,てあしをのばす,リラックスする。,家で手足を伸ばしてくつろいだ。,慣用句,8
歯が立たない,はがたたない,太刀打ちできない。,難しい問題で歯が立たない。,慣用句,8
心を奪われる,こころをうばわれる,すっかり夢中になる。,彼女の美しさに心を奪われた。,慣用句,9
胸が躍る,むねがおどる,期待や喜びで心が弾む。,デートの約束で胸が躍った。,慣用句,9
恋は盲目,こいはもうもく,恋をすると正常な判断ができなくなる。,恋は盲目で彼の欠点が見えない。,慣用句,9
熱を上げる,ねつをあげる,夢中になる、熱中する。,彼はあの女性に熱を上げている。,慣用句,9
目がない,めがない,非常に好む、弱い。,彼は美人に目がない。,慣用句,9
心を寄せる,こころをよせる,好意を抱く。,彼女に心を寄せている。,慣用句,9
胸が高鳴る,むねがたかなる,興奮や期待で心臓が早く打つ。,好きな人に会えると胸が高鳴る。,慣用句,9
心が通う,こころがかよう,お互いの気持ちが理解し合える。,二人は心が通う関係だ。,慣用句,9
愛の巣,あいのす,恋人同士が共に過ごす場所。,二人の愛の巣で幸せに暮らしている。,慣用句,9
恋に落ちる,こいにおちる,恋愛感情を抱く。,一目見て彼女に恋に落ちた。,慣用句,9
心を込める,こころをこめる,真心を込めて行う。,心を込めてプレゼントを作った。,慣用句,9
愛想を尽かす,あいそをつかす,愛情がなくなる、見限る。,ついに彼に愛想を尽かした。,慣用句,9
胸がときめく,むねがときめく,恋愛感情で心が躍る。,初恋の人を見ると胸がときめく。,慣用句,9
身も心も,みもこころも,体も精神も全て。,身も心も彼に捧げている。,慣用句,9
思いを寄せる,おもいをよせる,恋愛感情を抱く。,昔から彼女に思いを寄せていた。,慣用句,9
正直者が馬鹿を見る,しょうじきものがばかをみる,正直な人が損をすることがある。,正直者が馬鹿を見る世の中だが信念を曲げない。,慣用句,10
嘘つきは泥棒の始まり,うそつきはどろぼうのはじまり,小さな嘘から大きな悪事に発展する。,嘘つきは泥棒の始まりだから気をつけなさい。,慣用句,10
人のふり見て我がふり直せ,ひとのふりみてわがふりなおせ,他人を見て自分を反省せよ。,人のふり見て我がふり直せで気をつけよう。,慣用句,10
郷に入っては郷に従え,ごうにいってはごうにしたがえ,その土地の習慣に従うべき。,郷に入っては郷に従えで現地の慣習を尊重した。,慣用句,10
情けは人のためならず,なさけはひとのためならず,人への親切は巡り巡って自分のためになる。,情けは人のためならずで親切にしよう。,慣用句,10
実るほど頭を垂れる稲穂かな,みのるほどあたまをたれるいなほかな,人格者ほど謙虚である。,実るほど頭を垂れる稲穂かなで謙虚でいよう。,慣用句,10
能ある鷹は爪を隠す,のうあるたかはつめをかくす,本当に優秀な人は実力をひけらかさない。,能ある鷹は爪を隠すで彼は謙虚だ。,慣用句,10
類は友を呼ぶ,るいはともをよぶ,似た者同士は自然と集まる。,類は友を呼ぶで同じ趣味の人が集まった。,慣用句,10
親の心子知らず,おやのこころこしらず,親の愛情を子は理解しない。,親の心子知らずで反抗ばかりしていた。,慣用句,10
知らぬが仏,しらぬがほとけ,知らないでいる方が幸せなこともある。,真実を知らない彼は知らぬが仏だ。,慣用句,10
転んでもただでは起きない,ころんでもただではおきない,失敗を活かして利益を得る。,転んでもただでは起きない彼の商魂は見事だ。,慣用句,10
善は急げ,ぜんはいそげ,良いことはすぐに実行せよ。,善は急げで今すぐ始めよう。,慣用句,10
罪を憎んで人を憎まず,つみをにくんでひとをにくまず,悪い行いは憎むが人は憎まない。,罪を憎んで人を憎まずの心で接した。,慣用句,10
過ちて改めざる是を過ちという,あやまちてあらためざるこれをあやまちという,間違いを直さないことが本当の過ち。,過ちて改めざる是を過ちというから素直に謝ろう。,慣用句,10
己の欲せざる所人に施すなかれ,おのれのほっせざるところひとにほどこすなかれ,自分が嫌なことは他人にしてはいけない。,己の欲せざる所人に施すなかれの精神で行動しよう。,慣用句,10
身を正す,みをただす,行いを正しくする。,反省して身を正した。,慣用句,10
徳は孤ならず必ず隣あり,とくはこならずかならずとなりあり,徳のある人には必ず協力者が現れる。,徳は孤ならず必ず隣ありで支援者が集まった。,慣用句,10
義を見てせざるは勇なきなり,ぎをみてせざるはゆうなきなり,正しいことを実行しないのは勇気がない証拠。,義を見てせざるは勇なきなりで立ち上がった。,慣用句,10
初心忘るべからず,しょしんわするべからず,最初の気持ちを忘れてはいけない。,初心忘るべからずで謙虚にいよう。,慣用句,10
人事を尽くして天命を待つ,じんじをつくしててんめいをまつ,最善を尽くして結果は天に任せる。,人事を尽くして天命を待つ気持ちで臨んだ。,慣用句,10
袖すり合うも他生の縁,そですりあうもたしょうのえん,どんな小さな出会いも運命的なもの。,袖すり合うも他生の縁というから大切にしよう。,慣用句,10
至誠天に通ず,しせいてんにつうず,真心は必ず相手に伝わる。,至誠天に通ずで誠実に対応しよう。,慣用句,10
継続は力なり,けいぞくはちからなり,続けることに大きな力がある。,継続は力なりで毎日練習している。,慣用句,10
頭に血がのぼる,あたまにちがのぼる,興奮して冷静さを失う。,彼は批判されて頭に血がのぼり言い過ぎてしまった。,慣用句,12
顔に出る,かおにでる,感情が表情に表れる。,驚きが顔に出てしまい嘘がつけなかった。,慣用句,2
顔を合わせる,かおをあわせる,実際に会う。,明日の会議で初めて取引先と顔を合わせる。,慣用句,2
顔を曇らせる,かおをくもらせる,心配や不安で表情が暗くなる。,結果を聞いて彼は顔を曇らせた。,慣用句,4
顔をしかめる,かおをしかめる,不快そうな表情をする。,無責任な発言に皆が顔をしかめた。,慣用句,2
目からうろこが落ちる,めからうろこがおちる,分からなかったことが急に理解できる。,説明を聞いて目からうろこが落ちた。,慣用句,3
目をつぶる,めをつぶる,欠点を見逃す。,新人の失敗には目をつぶろう。,慣用句,2
目を疑う,めをうたがう,信じられないと思う。,売上が三倍になっていて目を疑った。,慣用句,4
目を盗む,めをぬすむ,人に気づかれないように行う。,上司の目を盗んでスマホを見た。,慣用句,10
目を配る,めをくばる,周囲に注意を行き届かせる。,会場全体に目を配って安全に気を配った。,慣用句,13
目を通す,めをとおす,ざっと見る。,資料に目を通しておいてください。,慣用句,3
目を引く,めをひく,人目をひきつける。,鮮やかな装飾が来場者の目を引いた。,慣用句,11
目が離せない,めがはなせない,注意して見続ける必要がある。,子どもからは目が離せない。,慣用句,8
目に余る,めにあまる,度が過ぎて見過ごせない。,目に余る行為には注意が必要だ。,慣用句,10
耳を塞ぐ,みみをふさぐ,聞きたくないので聞かないようにする。,都合の悪い事実に耳を塞いではいけない。,慣用句,10
鼻で笑う,はなでわらう,ばかにして笑う。,努力を鼻で笑う態度はよくない。,慣用句,10
鼻にかける,はなにかける,自慢する。,少し成功しただけで鼻にかけるのは早い。,慣用句,10
口が堅い,くちがかたい,秘密を守る。,彼は口が堅いので安心して相談できる。,慣用句,2
口が軽い,くちがかるい,秘密をすぐ漏らす。,口が軽いと信用を失う。,慣用句,2
口をつぐむ,くちをつぐむ,黙る。,不利になると彼は口をつぐんだ。,慣用句,2
口を滑らす,くちをすべらす,言ってはいけないことをうっかり言う。,つい口を滑らせて驚かせてしまった。,慣用句,2
口火を切る,くちびをきる,最初に行動を起こす。,誰も動かないので私が口火を切った。,慣用句,12
肩の力を抜く,かたのちからをぬく,緊張を解いてリラックスする。,本番前に深呼吸して肩の力を抜こう。,慣用句,8
肩が軽くなる,かたがかるくなる,負担が減って気が楽になる。,タスクを分担して肩が軽くなった。,慣用句,13
背中を押す,せなかをおす,決断を促す。,友人の言葉が背中を押してくれた。,慣用句,12
背筋が伸びる,せすじがのびる,緊張して姿勢を正す。,師の前では自然と背筋が伸びる。,慣用句,10
胸を張る,むねをはる,自信を持つ。,努力して得た結果だから胸を張れる。,慣用句,1
胸をなでおろす,むねをなでおろす,心配がなくなり安心する。,無事の知らせに胸をなでおろした。,慣用句,8
腹をくくる,はらをくくる,覚悟を決める。,最後の試験に向けて腹をくくった。,慣用句,12
腹の探り合い,はらのさぐりあい,相手の腹をうかがう駆け引き。,交渉は腹の探り合いになった。,慣用句,2
腰を上げる,こしをあげる,行動を始める。,苦情が増えてようやく行政が腰を上げた。,慣用句,12
足を運ぶ,あしをはこぶ,わざわざ出向く。,現場の声を聞きに足を運んだ。,慣用句,1
足並みをそろえる,あしなみをそろえる,行動や方針を一致させる。,部署間で足並みをそろえて対応した。,慣用句,13
手が回らない,てがまわらない,仕事が多すぎて処理しきれない。,繁忙期は手が回らないことが多い。,慣用句,5
手が離せない,てがはなせない,今していることから離れられない。,今は料理中で手が離せない。,慣用句,8
手が込む,てがこむ,工夫が細かく行き届いている。,手が込んだ装飾に驚かされた。,慣用句,11
手に汗を握る,てにあせをにぎる,緊張して見守る。,逆転の瞬間に手に汗を握った。,慣用句,12
手に余る,てにあまる,自分の力では扱いきれない。,この案件は新人には手に余る。,慣用句,15
手につかない,てにつかない,落ち着かず仕事に集中できない。,面接前で何も手につかない。,慣用句,8
手に取るように分かる,てにとるようにわかる,とてもはっきり理解できる。,説明が具体的で手に取るように分かった。,慣用句,3
手を広げる,てをひろげる,活動の範囲を広くする。,海外にも事業の手を広げる計画だ。,慣用句,15
手を結ぶ,てをむすぶ,協力する・仲直りする。,競合同士が手を結び市場を広げた。,慣用句,13
手を煩わせる,てをわずらわせる,相手に面倒をかける。,お手数をおかけして手を煩わせました。,慣用句,10
手を染める,てをそめる,物事に関わり始める・悪事に関与する。,軽い気持ちで悪事に手を染めてしまった。,慣用句,10
手を尽くす,てをつくす,可能な限りの手段を取る。,医師たちは手を尽くして救命に当たった。,慣用句,8
手を携える,てをたずさえる,互いに協力する。,地域と企業が手を携えて課題に挑む。,慣用句,13
手をひねる,てをひねる,簡単に打ち負かす。,新人相手なら彼は手をひねってしまうだろう。,慣用句,4
指をくわえる,ゆびをくわえる,うらやましく見ているだけで何もしない。,売り切れを指をくわえて見送った。,慣用句,7
指折り数える,ゆびおりかぞえる,楽しみに日を数える。,発売日を指折り数えて待っている。,慣用句,5
爪を隠す,つめをかくす,実力を表に出さない。,彼は本番まで爪を隠していた。,慣用句,4
火に油を注ぐ,ひにあぶらをそそぐ,事態をさらに悪化させる。,挑発的な発言は火に油を注ぐだけだ。,慣用句,10
火がつく,ひがつく,物事が勢いづく・やる気が出る。,仲間の成功に刺激されて火がついた。,慣用句,12
水を差す,みずをさす,進行中の雰囲気を壊す。,余計な一言が議論に水を差した。,慣用句,2
水を得た魚,みずをえたさかな,得意な環境で力を発揮する。,彼は現場に出ると水を得た魚のようだ。,慣用句,15
泥をかぶる,どろをかぶる,責任を一身に引き受ける。,リーダーが失敗の責任を泥をかぶった。,慣用句,10
汗をかく,あせをかく,努力して働く。,現場で汗をかいて信用を得る。,慣用句,1
気がかり,きがかり,心配で落ち着かない。,実家の様子が気がかりだ。,慣用句,8
気が早い,きがはやい,先走って行動する。,まだ決まっていないのに気が早い。,慣用句,5
気が重い,きがおもい,気分が晴れない・気乗りしない。,苦手な相手との会食は気が重い。,慣用句,8
気が散る,きがちる,集中できなくなる。,通知が多すぎて気が散る。,慣用句,8
気が小さい,きがちいさい,臆病で引っ込み思案だ。,彼は気が小さいが根は優しい。,慣用句,12
気が長い,きがながい,気長で辛抱強い。,研究には気が長い姿勢が必要だ。,慣用句,14
気が抜ける,きがぬける,緊張が解ける・張り合いがなくなる。,合格を知って気が抜けた。,慣用句,8
気が向く,きがむく,その気になる。,気が向いたら手伝ってほしい。,慣用句,8
気が回る,きがまわる,先回りして配慮できる。,彼は細部まで気が回る。,慣用句,2
気が晴れる,きがはれる,憂さが晴れてすっきりする。,散歩すると気が晴れる。,慣用句,8
気に障る,きにさわる,不快に感じる。,冗談でも人の気に障ることは言わない。,慣用句,10
気に入る,きにいる,好みに合う・気に入る。,新しい椅子が気に入った。,慣用句,11
気に留める,きにとめる,覚えていて配慮する。,小さなサインを気に留めておく。,慣用句,10
気に病む,きにやむ,心配して思い悩む。,失敗を気に病む必要はない。,慣用句,14
気のせい,きのせい,実際とは違ってそう思えること。,気のせいか部屋が寒い。,慣用句,6
気の毒,きのどく,かわいそうに思う。,忙しいのに頼んで気の毒だ。,慣用句,10
気を使う,きをつかう,相手に配慮する。,余計な気を使わせたら申し訳ない。,慣用句,2
気を落とす,きをおとす,がっかりする。,結果が出ずに気を落とした。,慣用句,4
気を配る,きをくばる,注意を行き届かせる。,安全面にも気を配って運営する。,慣用句,13
気を引く,きをひく,関心を集める。,新機能で若者の気を引く。,慣用句,11
気を取り直す,きをとりなおす,落ち込んだ気持ちを切り替える。,一晩寝て気を取り直した。,慣用句,14
心が折れる,こころがおれる,気力がなくなる。,度重なる失敗に心が折れた。,慣用句,14
心がける,こころがける,いつも注意して行う。,早寝早起きを心がける。,慣用句,8
心に響く,こころにひびく,深く感動する。,演奏が心に響いた。,慣用句,11
心にもない,こころにもない,本心ではない。,心にもないお世辞は言わない。,慣用句,10
心を入れ替える,こころをいれかえる,態度を改める。,不祥事を機に心を入れ替えた。,慣用句,10
心を砕く,こころをくだく,相手のために細やかに配慮する。,選手の育成に心を砕いた。,慣用句,13
心を配る,こころをくばる,気を配る。,来客に心を配るのは基本だ。,慣用句,13
心を許す,こころをゆるす,警戒せず親しく接する。,長い付き合いでようやく心を許した。,慣用句,2
心を鬼にする,こころをおににする,相手のために厳しい態度を取る。,子の自立のため心を鬼にして突き放した。,慣用句,10
胸のつかえが下りる,むねのつかえがおりる,不安が解消される。,説明を受けて胸のつかえが下りた。,慣用句,8
骨が折れる,ほねがおれる,非常に手間がかかる。,引っ越しの準備は骨が折れる。,慣用句,1
骨をうずめる,ほねをうずめる,一生を捧げる覚悟で勤める。,この町に骨をうずめる覚悟だ。,慣用句,12
血が通う,ちがかよう,思いやりがあるさま。,血が通う行政を目指す。,慣用句,10
腹の虫がおさまらない,はらのむしがおさまらない,怒りが静まらない。,無礼な態度に腹の虫がおさまらない。,慣用句,10
涙をのむ,なみだをのむ,悔しい思いをこらえる。,一次選考で涙をのむ結果となった。,慣用句,4
涙を流す,なみだをながす,感動や悲しみで泣く。,勇気ある行動に涙を流した。,慣用句,11
涙ぐむ,なみだぐむ,感動して目に涙が浮かぶ。,寄せ書きを見て思わず涙ぐんだ。,慣用句,11
身が入る,みがはいる,熱心に取り組む。,資格勉強に身が入る。,慣用句,1
身にしみる,みにしみる,実感として強く感じる。,寒さが身にしみる夜だ。,慣用句,6
身につく,みにつく,習得して自分のものになる。,毎日の練習で技術が身についた。,慣用句,1
身を引く,みをひく,一歩退いて譲る。,後進に道を譲って身を引いた。,慣用句,15
身を粉にする,みをこにする,全力で働く。,家族のために身を粉にして働いた。,慣用句,1
身の丈に合う,みのたけにあう,分相応である。,身の丈に合う計画に見直す。,慣用句,7
身の回りを整える,みのまわりをととのえる,生活環境を整える。,新生活に向けて身の回りを整えた。,慣用句,8
身に覚えがない,みにおぼえがない,心当たりがない。,請求に身に覚えがない。,慣用句,7
身動きが取れない,みうごきがとれない,自由に動けない。,渋滞で身動きが取れない。,慣用句,6
身をもって知る,みをもってしる,経験から深く理解する。,現場での失敗で身をもって知った。,慣用句,3
身を固める,みをかためる,結婚して家庭を持つ。,三十を前に身を固めた。,慣用句,9
身がすくむ,みがすくむ,恐怖で体がこわばる。,崖の上で身がすくんだ。,慣用句,12
骨の髄まで,ほねのずいまで,徹底的に・心の底から。,地元を骨の髄まで愛している。,慣用句,9
心の琴線に触れる,こころのきんせんにふれる,深く感動させる。,静かな演奏が心の琴線に触れた。,慣用句,11
首をかしげる,くびをかしげる,疑わしそうにする。,突然の中止発表に首をかしげた。,慣用句,4
首を長くして待つ,くびをながくしてまつ,今か今かと楽しみに待つ。,新作の到着を首を長くして待つ。,慣用句,5
首を切る,くびをきる,解雇する。,不祥事で首を切らざるを得なかった。,慣用句,7
度肝を抜く,どぎもをぬく,非常に驚かせる。,大胆な演出で観客の度肝を抜いた。,慣用句,11
肝が据わる,きもがすわる,度胸がある。,危機の中でも肝が据わっている。,慣用句,12
気を飲まれる,きをのまれる,迫力に圧倒される。,会場の熱気に気を飲まれた。,慣用句,12
息が切れる,いきがきれる,呼吸が苦しくなる・息切れする。,全力疾走で息が切れた。,慣用句,8
息を潜める,いきをひそめる,気配を消してじっとする。,子どもたちは息を潜めてサプライズを待った。,慣用句,12
息を合わせる,いきをあわせる,呼吸や動きをそろえる。,演奏者同士が息を合わせた。,慣用句,13
骨のある,ほねのある,気骨がある・芯が強い。,骨のある新人が入ってきた。,慣用句,12
足が早い,あしがはやい,痛みやすい・売れ行きが早い。,生ものは足が早いから早く食べよう。,慣用句,8
足が棒になる,あしがぼうになる,非常に疲れるまで歩く。,展示会で足が棒になるまで歩いた。,慣用句,8
足がすくむ,あしがすくむ,恐怖で動けなくなる。,高所で足がすくんだ。,慣用句,12
足下を見る,あしもとをみる,弱みにつけ込む。,相場の混乱で足下を見られやすい。,慣用句,7
頭打ちになる,あたまうちになる,伸びが止まる。,需要が頭打ちになった。,慣用句,7
骨がある,ほねがある,中身や根性がある。,骨がある企画だと感じた。,慣用句,11
腹に据えかねる,はらにすえかねる,怒りや不満を抑えきれない。,侮辱的な発言は腹に据えかねる。,慣用句,10
腹の底から,はらのそこから,心の底から。,腹の底から笑った。,慣用句,11
肝に銘じる,きもにめいじる,深く心に刻み忘れないようにする。,安全第一を肝に銘じる。,慣用句,10
骨まで愛する,ほねまであいする,深く愛する。,家族を骨まで愛している。,慣用句,9
胸に手を当てる,むねにてをあてる,自分を省みる。,胸に手を当てて考えてみよう。,慣用句,10
胸を焦がす,むねをこがす,強く恋い慕う。,遠距離恋愛で彼女に胸を焦がす。,慣用句,9
胸をときめかす,むねをときめかす,期待で心が躍る。,新曲の発表に胸をときめかせた。,慣用句,11
胸を締め付ける,むねをしめつける,悲しみで苦しくなる。,ニュースに胸を締め付けられた。,慣用句,10
胸を躍らせる,むねをおどらせる,期待でわくわくする。,旅の計画に胸を躍らせた。,慣用句,5
胸がすく,むねがすく,鬱憤が晴れてすっきりする。,正論が通って胸がすいた。,慣用句,10
肝を冷やす,きもをひやす,ひどく怖い思いをする。,急ブレーキに肝を冷やした。,慣用句,12
骨の髄までしみる,ほねのずいまでしみる,深く行き渡るほど強く感じる。,冬の寒さが骨の髄までしみた。,慣用句,6
腹の中を探る,はらのなかをさぐる,真意を探る。,記者は要人の腹の中を探った。,慣用句,2
顔を真っ赤にする,かおをまっかにする,恥ずかしさや怒りで赤面する。,失言に気づいて顔を真っ赤にした。,慣用句,10
顔を出す,かおをだす,ちょっと出席する・姿を見せる。,会合に少しだけ顔を出した。,慣用句,2
目に見える,めにみえる,はっきりとわかるさま。,対策の効果が目に見えて出始めた。,慣用句,4
目が冴える,めがさえる,眠気がなくなる。,夜更かしして目が冴えてしまった。,慣用句,8
目がくらむ,めがくらむ,判断力を失うほど心が乱れる。,利益に目がくらんではいけない。,慣用句,7
耳を澄ます,みみをすます,注意深く聞く。,森の音に耳を澄ました。,慣用句,6
耳をそばだてる,みみをそばだてる,注意して聞こうとする。,隣の会話に耳をそばだてた。,慣用句,2
口を尖らせる,くちをとがらせる,不満げな表情をする。,注意されて口を尖らせた。,慣用句,2
口を利く,くちをきく,話をする。,仲直りしてやっと口を利いた。,慣用句,2
口を開く,くちをひらく,話し始める。,沈黙の後に彼は口を開いた。,慣用句,2
肩をすくめる,かたをすくめる,あきれて身をすぼめる。,彼は冗談だと肩をすくめた。,慣用句,2
肩入れする,かたいれする,ひいきして助ける。,友人の企画に肩入れした。,慣用句,13
背に腹は代えられない,せにはらはかえられない,大切なことのために他を犠牲にするのもやむを得ない。,背に腹は代えられないと追加費用を承認した。,慣用句,7
背を向ける,せをむける,相手に関わらない態度を取る。,課題に背を向けず向き合おう。,慣用句,12
背中合わせ,せなかあわせ,非常に近い関係・対立し合う状態。,利益とリスクは背中合わせだ。,慣用句,7
腹が据わる,はらがすわる,覚悟が決まる。,厳しい交渉でも腹が据わっていた。,慣用句,12
腹の底で笑う,はらのそこでわらう,本心を隠してほくそ笑む。,彼は腹の底で笑っていた。,慣用句,10
腹を据える,はらをすえる,覚悟を固める。,困難を前に腹を据えた。,慣用句,12
足取りが重い,あしどりがおもい,気が進まず行動が鈍い。,役所へ向かう足取りが重い。,慣用句,8
足元をすくう,あしもとをすくう,油断した隙を突く。,些細なミスで足元をすくわれた。,慣用句,4
舌が回る,したがまわる,よくしゃべる・口が達者だ。,彼は緊張しているのに舌が回る。,慣用句,2
舌が肥える,したがこえる,味の良し悪しにうるさくなる。,食べ歩きで舌が肥えた。,慣用句,11
舌が出る,したがでる,疲れて苦しそうな様子になる。,坂道で舌が出るほど息が上がった。,慣用句,8
眉をひそめる,まゆをひそめる,不快・心配そうな表情をする。,無責任な発言に皆が眉をひそめた。,慣用句,10
眉を寄せる,まゆをよせる,心配して表情を曇らせる。,悪い知らせに親たちは眉を寄せた。,慣用句,10
眉に唾をつける,まゆにつばをつける,用心する。,うますぎる話には眉に唾をつけておけ。,慣用句,10
目を皿にする,めをさらにする,必死で探す・注意深く見る。,落とした鍵を目を皿にして探した。,慣用句,3
目を白黒させる,めをしろくろさせる,驚きや混乱でうろたえる。,急な指名に目を白黒させた。,慣用句,12
目を血走らせる,めをちばしらせる,興奮や怒りで目つきが険しくなる。,追い込みで目を血走らせて作業した。,慣用句,12
目に物見せる,めにものみせる,思い知らせる。,軽く見た相手に目に物見せた。,慣用句,10
目鼻がつく,めはながつく,おおよその形が整う。,企画の骨子に目鼻がついた。,慣用句,1
目に浮かぶ,めにうかぶ,はっきり想像できる。,歓声があがる場面が目に浮かぶ。,慣用句,3
目を細める,めをほそめる,うれしそうに微笑む。,孫を見て目を細めた。,慣用句,9
耳を貸さない,みみをかさない,人の意見を聞こうとしない。,忠告に耳を貸さないのは危険だ。,慣用句,10
耳に障る,みみにさわる,聞いて不快に感じる。,耳に障る言い方は避けよう。,慣用句,10
耳にする,みみにする,噂などを聞く。,その話は会議で耳にした。,慣用句,3
耳にたこができる,みにたこができる,同じ注意を繰り返し聞かされる。,安全第一は耳にたこができるほど聞いた。,慣用句,10
鼻を鳴らす,はなをならす,得意げにふるまう。,小さな成功で鼻を鳴らしていた。,慣用句,10
鼻の下を伸ばす,はなのしたをのばす,異性にデレデレする。,彼は褒められて鼻の下を伸ばした。,慣用句,9
鼻っ柱を折る,はなっぱしらをおる,自信や威勢をくじく。,実力を見せつけて鼻っ柱を折った。,慣用句,10
口を開けば,くちをひらけば,何かと言えばすぐに。,彼は口を開けば自慢話だ。,慣用句,10
口を割る,くちをわる,隠していたことを白状する。,根気よく聞いてついに口を割らせた。,慣用句,10
口が減らない,くちがへらない,言い返してばかりいる。,子どもは口が減らない。,慣用句,2
歯に衣着せぬ言い方,はにきぬきせぬいいかた,遠慮せず率直に言う。,歯に衣着せぬ言い方で改善点を伝えた。,慣用句,10
歯を食いしばる,はをくいしばる,苦痛をこらえて頑張る。,目標達成まで歯を食いしばった。,慣用句,14
歯が浮く,はがうく,お世辞が気持ち悪く感じられる。,歯が浮くようなお追従はやめてくれ。,慣用句,10
首が回らない,くびがまわらない,借金などで余裕がない。,先行投資が重くて首が回らない。,慣用句,7
首を横に振る,くびをよこにふる,拒否する。,提案に彼は首を横に振った。,慣用句,12
肩を貸す,かたをかす,支えて助ける。,落ち込む友に肩を貸した。,慣用句,13
肩の荷が重い,かたのにがおもい,責任が重く負担だ。,初の大役で肩の荷が重い。,慣用句,8
胸が詰まる,むねがつまる,感極まって声が出ない。,卒業式で胸が詰まった。,慣用句,11
胸がつぶれる,むねがつぶれる,ひどく悲しむ。,事故の知らせに胸がつぶれた。,慣用句,10
胸が騒ぐ,むねがさわぐ,不安や期待で落ち着かない。,最終発表を前に胸が騒いだ。,慣用句,8
胸の内を明かす,むねのうちをあかす,隠していた本心を話す。,彼はついに胸の内を明かした。,慣用句,2
背筋が寒くなる,せすじがさむくなる,恐ろしく感じる。,暗闇で物音がして背筋が寒くなった。,慣用句,12
腹に一物ある,はらにいちもつある,心にたくらみがある。,彼は笑っているが腹に一物ある。,慣用句,10
腹を探る,はらをさぐる,相手の真意を探る。,互いに腹を探る展開になった。,慣用句,2
腹を立てる,はらをたてる,怒る。,無責任な言葉に腹を立てた。,慣用句,10
腰が引ける,こしがひける,怖気づいて消極的になる。,強敵を前に腰が引けている。,慣用句,12
腰を抜かす,こしをぬかす,ひどく驚く・腰が立たない。,突然の揺れに腰を抜かした。,慣用句,12
腰を落ち着ける,こしをおちつける,環境を整えて腰を据える。,研究に腰を落ち着けて取り組む。,慣用句,1
手が届く,てがとどく,入手・到達できる範囲だ。,目標の数字が手が届くところまで来た。,慣用句,4
手に落ちる,てにおちる,相手の支配下に入る。,情報が競合の手に落ちたら大変だ。,慣用句,10
手を汚す,てをよごす,不正・汚れ仕事に関与する。,利益のために手を汚すべきではない。,慣用句,10
手を切る,てをきる,関係を断つ。,不正業者とは手を切った。,慣用句,2
手をつなぐ,てをつなぐ,仲良くする・協力する。,地域と企業が手をつないだ。,慣用句,13
足がつく,あしがつく,あとが見つかって身元が割れる。,不正はすぐ足がつくものだ。,慣用句,10
足が遠のく,あしがとおのく,以前ほど通わなくなる。,移転してから店から足が遠のいた。,慣用句,2
足を踏み入れる,あしをふみいれる,新しい領域に入る。,未知の市場に足を踏み入れた。,慣用句,15
足を踏み外す,あしをふみはずす,道を誤る。,焦って足を踏み外すな。,慣用句,10
指に余る,ゆびにあまる,数や量が多すぎて処理しきれない。,案件が指に余るほど増えた。,慣用句,3
爪を噛む,つめをかむ,心配して落ち着かない。,結果待ちで爪を噛む思いだ。,慣用句,8
爪の垢を煎じて飲む,つめのあかをせんじてのむ,少しでも見習う。,彼の勤勉さは爪の垢を煎じて飲みたい。,慣用句,10
喉元まで出かかる,のどもとまででかかる,言いたい言葉が出そうで出ない。,答えが喉元まで出かかっている。,慣用句,3
頬が緩む,ほおがゆるむ,嬉しさで顔がにこやかになる。,思わぬ差し入れに頬が緩んだ。,慣用句,9
頬をふくらます,ほおをふくらます,不満げにむくれる。,注意されて頬をふくらませた。,慣用句,2
あごが外れる,あごがはずれる,大笑いしてしまう。,あまりの珍事にあごが外れるほど笑った。,慣用句,11
あごで使う,あごでつかう,威張って人をこき使う。,地位を笠に着てあごで使うのは最悪だ。,慣用句,10
肝をつぶす,きもをつぶす,ひどく驚く。,突然の落雷に肝をつぶした。,慣用句,12
血の気が引く,ちのけがひく,恐怖や動揺で顔色が青ざめる。,失言に気づき血の気が引いた。,慣用句,12
血が騒ぐ,ちがさわぐ,興奮してじっとしていられない。,開幕戦の空気に血が騒ぐ。,慣用句,12
骨身にこたえる,ほねみにこたえる,身にしみて辛く感じる。,寒さが骨身にこたえる。,慣用句,14
骨までしゃぶる,ほねまでしゃぶる,徹底的に搾り取る。,弱者から骨までしゃぶる商法は許せない。,慣用句,7
骨を拾う,ほねをひろう,後始末を引き受ける・名誉を守る。,彼の志を継ぎ骨を拾った。,慣用句,13
身を挺する,みをていする,危険を顧みず行動する。,子どもを守るため身を挺した。,慣用句,12
身の毛がよだつ,みのけがよだつ,恐ろしくて総毛立つ。,怪談を聞いて身の毛がよだった。,慣用句,12
肌で感じる,はだでかんじる,体験として実感する。,現場に出て課題を肌で感じた。,慣用句,3
気が気でない,きがきでない,心配で落ち着かない。,合否発表まで気が気でない。,慣用句,8
気が置けない,きがおけない,気兼ねのいらない。,彼は気が置けない友だ。,慣用句,2
気が滅入る,きがめいる,気分が沈む。,雨続きで気が滅入る。,慣用句,8
気が済む,きがすむ,満足して気が落ち着く。,謝ってようやく気が済んだ。,慣用句,8
気を揉む,きをもむ,心配してやきもきする。,出産の知らせに気を揉んだ。,慣用句,8
気を張る,きをはる,緊張して気を引き締める。,最終局面で気を張った。,慣用句,12
心が広い,こころがひろい,寛大である。,彼女は心が広く誰にでも優しい。,慣用句,10
心が狭い,こころがせまい,度量が小さい。,心が狭いと協力が得られない。,慣用句,10
心を落ち着ける,こころをおちつける,平静さを取り戻す。,深呼吸して心を落ち着けた。,慣用句,8
顔をほころばせる,かおをほころばせる,嬉しさで表情がゆるむ。,合格の知らせに思わず顔をほころばせた。,慣用句,9
顔を覆う,かおをおおう,恥ずかしさや驚きで顔を手で隠す。,失敗に気づいて顔を覆った。,慣用句,10
顔をそむける,かおをそむける,直視しない・関わりを避ける。,現実から顔をそむけてはいけない。,慣用句,12
顔をしかめない,かおをしかめない,嫌な顔をせず受け入れる。,苦情対応でも顔をしかめないで聞いた。,慣用句,10
顔をしかと見る,かおをしかとみる,しっかりと相手を見る。,相手の目を見て顔をしかと見た。,慣用句,2
目を合わせる,めをあわせる,相手と視線を交わす。,自己紹介でしっかり目を合わせた。,慣用句,2
目を閉じる,めをとじる,静かに考える・受け入れる。,雑音を遮って目を閉じた。,慣用句,8
目を配らせる,めをくばらせる,広く注意を行き届かせる。,安全面に目を配らせて運営した。,慣用句,13
目を三角にする,めをさんかくにする,怒って険しい目つきになる。,無礼な態度に目を三角にした。,慣用句,10
目を丸くする,めをまるくする,驚いて目を大きく開く。,数字を見て目を丸くした。,慣用句,12
目を細めて見る,めをほそめてみる,慈しむように見る。,孫を目を細めて見守った。,慣用句,9
目の色を変える,めのいろをかえる,本気になる・興奮する。,優勝が見えて目の色を変えた。,慣用句,12
目の前が明るくなる,めのまえがあかるくなる,希望が見える。,採用通知で目の前が明るくなった。,慣用句,4
耳をふさがない,みみをふさがない,不都合でも聞く姿勢を保つ。,反対意見にも耳をふさがないで議論した。,慣用句,13
耳を洗う,みみをあらう,偏見を捨てて聞き直す気持ちになる。,第三者の助言で耳を洗った。,慣用句,10
耳をそっと傾ける,みみをそっとかたむける,静かに注意深く聞く。,被災者の声に耳をそっと傾けた。,慣用句,13
鼻を鳴らさない,はなをならさない,得意げにしない。,小成功でも鼻を鳴らさないで謙虚にいよう。,慣用句,10
鼻をすり合わせる,はなをすりあわせる,親しく顔を寄せ合う・協調する。,関係者が鼻をすり合わせるように調整した。,慣用句,13
口を開かない,くちをひらかない,黙ったままでいる。,記者の問いにも口を開かなかった。,慣用句,2
口を軽くしない,くちをかるくしない,むやみに他言しない。,社外秘だから口を軽くしないよう徹底した。,慣用句,10
口を濁す,くちをにごす,はっきり言わず曖昧にする。,核心に触れると口を濁した。,慣用句,10
舌打ちする,したうちする,不満で舌を鳴らす。,順番抜かしに思わず舌打ちした。,慣用句,10
舌の根も乾かぬうちに,したのねもかわかぬうちに,言ってすぐに。,舌の根も乾かぬうちに約束を破った。,慣用句,10
歯を見せる,はをみせる,笑顔を見せる・友好を示す。,和やかな場で歯を見せて話した。,慣用句,2
首を突っ込まない,くびをつっこまない,むやみに関与しない。,専門外には首を突っ込まないほうがいい。,慣用句,15
首を長く伸ばす,くびをながくのばす,今か今かと待ち望む。,発売日を首を長く伸ばして待つ。,慣用句,5
肩を貸さない,かたをかさない,ひいきせずに公平にする。,審査では誰にも肩を貸さない。,慣用句,10
肩を並べて歩く,かたをならべてあるく,同等の立場で進む。,地域と企業が肩を並べて歩いた。,慣用句,13
肩をすり合わせる,かたをすりあわせる,近い距離で協力する。,部署同士が肩をすり合わせて進めた。,慣用句,13
胸に手を当て直す,むねにてをあてなおす,自分を省みて考え直す。,胸に手を当て直して判断した。,慣用句,10
胸を開く,むねをひらく,隠し事なく打ち明ける。,若手に胸を開いて対話した。,慣用句,2
胸をすく,むねをすく,溜飲が下がってすっきりする。,正論が通り胸をすいた。,慣用句,10
胸をふくらませる,むねをふくらませる,期待に胸をふくらませる。,新天地に胸をふくらませた。,慣用句,11
腹を据え直す,はらをすえなおす,改めて覚悟を固める。,最終局面に向けて腹を据え直した。,慣用句,12
腹を固める,はらをかためる,決意を固める。,独立に向けて腹を固めた。,慣用句,12
腹にしまう,はらにしまう,本心を胸の内にとどめる。,今は腹にしまっておこう。,慣用句,10
背を伸ばす,せをのばす,自信を持って姿勢を正す。,壇上で背を伸ばした。,慣用句,12
背中で語る,せなかでかたる,行動で示す。,結果で背中で語った。,慣用句,12
背中を預ける,せなかをあずける,相手を信頼して任せる。,相棒に背中を預けられる関係だ。,慣用句,13
腰を上げない,こしをあげない,なかなか行動しない。,警告されても腰を上げない。,慣用句,5
腰を落とす,こしをおとす,腰を下ろしてじっくり取り組む。,研究に腰を落とした。,慣用句,1
手を合わせる,てをあわせる,協調して事に当たる。,関係者が手を合わせて再建した。,慣用句,13
手を握り直す,てをにぎりなおす,協力関係を結び直す。,対立を越えて手を握り直した。,慣用句,13
手を広げない,てをひろげない,無闇に領域を増やさない。,まずは手を広げないで集中する。,慣用句,7
手を固める,てをかためる,体制や準備を整える。,選挙に向けて手を固めた。,慣用句,12
手を離す,てをはなす,世話や管理をやめる。,プロジェクトから手を離した。,慣用句,15
手を添える,てをそえる,支援して助ける。,若手の挑戦に手を添えた。,慣用句,13
手を取り直す,てをとりなおす,姿勢を整え仕切り直す。,失敗を経て手を取り直した。,慣用句,14
指をそろえる,ゆびをそろえる,整然と準備する・礼を正す。,窓口では書類と指をそろえて待つ。,慣用句,10
指を立てる,ゆびをたてる,注意を促す・合図する。,危険箇所で指を立てて指示した。,慣用句,13
爪を伸ばす,つめをのばす,油断して節度を欠く。,監査前に爪を伸ばしてはいけない。,慣用句,10
爪を立てる,つめをたてる,本気の力を見せる・攻める。,勝負どころで爪を立てた。,慣用句,12
足を崩す,あしをくずす,楽な姿勢にする・くつろぐ。,会議では足を崩して聞いてください。,慣用句,8
足を止めない,あしをとめない,歩みを継続する。,困難でも足を止めない。,慣用句,14
足を忍ばせる,あしをしのばせる,気づかれぬように歩く。,子どもたちは足を忍ばせて隠れた。,慣用句,12
足を固める,あしをかためる,基礎を整える。,地道な販路開拓で足を固めた。,慣用句,1
足元を見ない,あしもとをみない,相手の弱みにつけ込まない。,困窮者の足元を見ない姿勢が大切だ。,慣用句,10
足並みを乱さない,あしなみをみださない,協調を乱さない。,全社で足並みを乱さないよう進めた。,慣用句,13
骨を入れる,ほねをいれる,力を尽くす・本腰を入れる。,再建に骨を入れた。,慣用句,1
骨を惜しまない,ほねをおしまない,労をいとわない。,骨を惜しまない努力を続けた。,慣用句,1
骨が折れる思いをする,ほねがおれるおもいをする,非常に苦労する。,立て直しに骨が折れる思いをした。,慣用句,1
血を通わせる,ちをかよわせる,温かみを持たせる。,制度に血を通わせる工夫が要る。,慣用句,10
血をたぎらせる,ちをたぎらせる,闘志を燃やす。,歓声で血をたぎらせた。,慣用句,12
身を起こす,みをおこす,立ち上がる・再起する。,失敗から身を起こした。,慣用句,15
身をすくめる,みをすくめる,寒さや恐れで体を縮こまらせる。,突風に思わず身をすくめた。,慣用句,6
身を固くする,みをかたくする,緊張して身構える。,初舞台で身を固くした。,慣用句,12
身を寄せる,みをよせる,他に頼って暮らす・身を寄せ合う。,親戚の家に身を寄せた。,慣用句,13
身を引き締める,みをひきしめる,気を引き締める。,新体制で身を引き締めた。,慣用句,12
心を寄せ合う,こころをよせあう,互いに思いやる。,困難の中で心を寄せ合った。,慣用句,13
心を重ねる,こころをかさねる,気持ちを合わせる。,合唱で心を重ねた。,慣用句,13
心を砕き続ける,こころをくだきつづける,細心の配慮を続ける。,育成に心を砕き続けた。,慣用句,13
心を引き締める,こころをひきしめる,緊張感を保つ。,大型連休明けに心を引き締めた。,慣用句,12
心を決め直す,こころをきめなおす,改めて決意する。,転職を前に心を決め直した。,慣用句,12
心が躍らない,こころがおどらない,気持ちが乗らない。,提案に心が躍らない。,慣用句,8
心が澄む,こころがすむ,気持ちが落ち着いて清らかになる。,早朝の散歩で心が澄んだ。,慣用句,8
気をゆるめない,きをゆるめない,緊張を保つ。,最後まで気をゆるめない。,慣用句,12
気を巡らす,きをめぐらす,あれこれ考える。,将来像に気を巡らせた。,慣用句,3
気を合わせる,きをあわせる,呼吸をそろえる。,皆で気を合わせて片付けた。,慣用句,13
気を張り直す,きをはりなおす,改めて緊張感を持つ。,連敗後に気を張り直した。,慣用句,12
気を配り合う,きをくばりあう,互いに配慮する。,共同生活で気を配り合った。,慣用句,13
気を揉み続ける,きをもみつづける,長く心配し続ける。,結果が出るまで気を揉み続けた。,慣用句,8
息を整える,いきをととのえる,呼吸を落ち着かせる。,ラン後に息を整えた。,慣用句,8
息を吹き返す,いきをふきかえす,再び活気を取り戻す。,老舗が息を吹き返した。,慣用句,15
息を呑む,いきをのむ,驚きで一瞬息を止める。,逆転劇に息を呑んだ。,慣用句,12
骨太に進める,ほねぶとにすすめる,腰を据えて力強く進める。,改革を骨太に進めた。,慣用句,12
腹黒い心を捨てる,はらぐろいこころをすてる,不純な思いを改める。,利己心を戒め腹黒い心を捨てた。,慣用句,10
手塩にかけ直す,てしおにかけなおす,改めて丹精込めて世話する。,新体制で後継者を手塩にかけ直した。,慣用句,13
水に落ちた犬を叩かない,みずにおちたいぬをたたかない,弱者をさらに追い詰めない。,失敗者に水に落ちた犬を叩かない姿勢が必要だ。,慣用句,10
雨に打たれる,あめにうたれる,逆境にさらされる。,批判の雨に打たれながらも前進した。,慣用句,12
風に当たる,かぜにあたる,外気に触れて気分を変える。,散歩に出て風に当たった。,慣用句,8
雲をつかむようだ,くもをつかむようだ,実体がなくはっきりしない。,雲をつかむような説明では納得できない。,慣用句,3
火の粉を払う,ひのこをはらう,不利益が及ばないように防ぐ。,関係各所に火の粉を払った。,慣用句,12
火に当たる,ひにあたる,暖を取る・恩恵に浴する。,共同スペースで火に当たった。,慣用句,8
土に還る,つちにかえる,自然に戻る・寿命を終える。,使い切って土に還る資材を選ぶ。,慣用句,6
土台を固める,どだいをかためる,基礎をしっかりさせる。,新規事業の土台を固めた。,慣用句,1
時を待たない,ときをまたない,緊急である。,対策は時を待たない。,慣用句,5
好機を逃さない,こうきをのがさない,機会を確実につかむ。,好機を逃さないよう準備する。,慣用句,5
潮目が変わる,しおめがかわる,形勢が変化する。,販売の潮目が変わった。,慣用句,15
波風を立てない,なみかぜをたてない,穏便に進める。,波風を立てない対応を心がけた。,慣用句,13
足元から固める,あしもとからかためる,足場を整える。,まずは足元から固めよう。,慣用句,1
芽を育てる,めをそだてる,将来性を伸ばす。,次世代の芽を育てる取り組みだ。,慣用句,15
芽が出る,めがでる,努力が実を結び始める。,地道な営業に芽が出てきた。,慣用句,4
根を下ろす,ねをおろす,生活や事業の基盤を築く。,地方に根を下ろして活動する。,慣用句,15
根気強く当たる,こんきづよくあたる,粘り強く取り組む。,難題に根気強く当たった。,慣用句,14
花を持たせる,はなをもたせる,相手に手柄を譲る。,今回は後輩に花を持たせた。,慣用句,2
花が開く,はながひらく,才能が大きく伸びる。,長年の努力が実って花が開いた。,慣用句,11
実を結ぶ,みをむすぶ,努力の結果が成果になる。,地道な研鑽が実を結んだ。,慣用句,4
実を取る,みをとる,見栄より中身を重視する。,今回は実を取る判断をした。,慣用句,10
頭に来る,あたまにくる,ひどく腹が立つ。,無責任な発言に頭に来たが冷静に返した。,慣用句,10
頭をひねる,あたまをひねる,よい案を出そうと考え込む。,妙案が出ず皆で頭をひねった。,慣用句,3
頭を抱え込む,あたまをかかえこむ,解決できず困り果てる。,人手不足で現場は頭を抱え込んだ。,慣用句,4
目を見開く,めをみひらく,驚いて大きく目を開く。,数字を見て目を見開いた。,慣用句,12
眉をつり上げる,まゆをつりあげる,怒って険しい表情になる。,無礼な態度に眉をつり上げた。,慣用句,10
眉間にしわを寄せる,みけんにしわをよせる,心配や不快で表情が険しくなる。,難題に眉間にしわを寄せた。,慣用句,10
耳を貸さず,みみをかさず,人の意見を聞こうとしない。,忠告に耳を貸さず突き進んだ。,慣用句,10
鼻に付く,はなにつく,言動が癪に障って不快だ。,自慢話が鼻に付く。,慣用句,10
鼻を明かす,はなをあかす,出し抜いて相手を驚かせる。,新人が見事に先輩の鼻を明かした。,慣用句,4
口をついて出る,くちをついてでる,思わず言葉が出る。,感謝の言葉が口をついて出た。,慣用句,9
口車に乗る,くちぐるまにのる,うまい言葉にだまされる。,甘言に口車に乗らないよう注意した。,慣用句,10
喉から手が出る,のどからてがでる,非常に欲しがる。,その技術は喉から手が出るほど欲しい。,慣用句,4
舌を鳴らす,したをならす,不満や不快で舌打ちする。,横入りに舌を鳴らした。,慣用句,10
歯の根が合わない,はのねがあわない,震えが止まらないほど緊張・寒さを感じる。,試合前に緊張で歯の根が合わなかった。,慣用句,12
顔を潰す,かおをつぶす,相手の名誉や面目を失わせる。,無断欠席は先方の顔を潰す行為だ。,慣用句,2
顔が利く,かおがきく,影響力があって便宜を図れる。,この街では彼は顔が利く。,慣用句,2
顔を貸す,かおをかす,話をするために時間を作って会う。,少し顔を貸してほしい。,慣用句,2
肩で風を切る,かたでかぜをきる,得意げに威勢よく歩く。,表彰後は肩で風を切って歩いた。,慣用句,11
肩肘張る,かたひじはる,気負って堅い態度をとる。,肩肘張らずに話そう。,慣用句,10
腕が立つ,うでがたつ,技能が優れている。,彼は医師として腕が立つ。,慣用句,3
腕を磨く,うでをみがく,訓練して技量を高める。,留学でさらに腕を磨いた。,慣用句,1
腕に覚えがある,うでにおぼえがある,自分の腕前に自信がある。,営業には腕に覚えがある。,慣用句,12
腕まくりをする,うでまくりをする,やる気を見せて取りかかる。,改革へ向けて腕まくりをした。,慣用句,12
腰が低い,こしがひくい,へりくだって丁寧だ。,彼はいつも腰が低い対応だ。,慣用句,10
腰を折る,こしをおる,進行を妨げる・話を遮る。,説明の途中で腰を折られた。,慣用句,10
腰を据え直す,こしをすえなおす,改めて落ち着いて構える。,長期戦に腰を据え直した。,慣用句,14
足がかりをつかむ,あしがかりをつかむ,突破口を得る。,小口取引で足がかりをつかんだ。,慣用句,4
足が止まる,あしがとまる,前進が止まる・興味を引かれて立ち止まる。,展示の前で足が止まった。,慣用句,11
太鼓判を押す,たいこばんをおす,確かな保証を与える。,品質には太鼓判を押せる。,慣用句,10
一肌脱ぐ,いちはだぬぐ,力を貸して助ける。,後輩のために一肌脱いだ。,慣用句,13
一旗揚げる,ひとはたあげる,独自に事を起こして名を上げる。,地元で一旗揚げたい。,慣用句,4
一石を投じる,いっせきをとうじる,議論を喚起する行動を取る。,提案が業界に一石を投じた。,慣用句,3
先手を打つ,せんてをうつ,先んじて行動する。,競合より先手を打った。,慣用句,5
後手に回る,ごてにまわる,対応が遅れて不利になる。,広報が後手に回った。,慣用句,5
白紙に戻す,はくしにもどす,計画などをいったん取りやめる。,契約を白紙に戻した。,慣用句,4
青写真を描く,あおじゃしんをえがく,将来の構想を練る。,都市計画の青写真を描いた。,慣用句,15
火花を散らす,ひばなをちらす,激しく競い合う。,決勝で火花を散らした。,慣用句,12
火蓋を切る,ひぶたをきる,戦い・競争を始める。,選挙戦の火蓋を切った。,慣用句,12
泡を食う,あわをくう,驚き慌てる。,誤送信に気づいて泡を食った。,慣用句,12
お茶を濁す,おちゃをにごす,その場しのぎでごまかす。,質問にお茶を濁した。,慣用句,10
根に持つ,ねにもつ,恨みを長く忘れない。,些細なことを根に持たない。,慣用句,10
根を詰める,ねをつめる,無理に集中して働き続ける。,根を詰めすぎて体調を崩した。,慣用句,8
根を張る,ねをはる,基盤を固めて定着する。,地域に根を張って活動する。,慣用句,15
舵を切る,かじをきる,方針を大きく転換する。,脱炭素へ舵を切った。,慣用句,15
旗を振る,はたをふる,先頭に立って訴え動かす。,市民運動で旗を振った。,慣用句,13
槍玉にあげる,やりだまにあげる,激しく非難の対象にする。,失言が槍玉にあがった。,慣用句,10
金字塔を打ち立てる,きんじとうをうちたてる,大きな業績を残す。,研究で金字塔を打ち立てた。,慣用句,4
砂を噛むようだ,すなをかむようだ,味気なくつまらない。,砂を噛むような毎日を見直す。,慣用句,8
針のむしろ,はりのむしろ,非常に居心地が悪いこと。,遅刻続きで会議は針のむしろだ。,慣用句,10
のれんに腕押し,のれんにうでおし,手応えがなく効果が出ない。,説得してものれんに腕押しだった。,慣用句,10
逆風を受ける,ぎゃくふうをうける,状況が不利になる。,増税で逆風を受けた。,慣用句,7
追い風に乗る,おいかぜにのる,好条件に乗じて勢いづく。,円安の追い風に乗った。,慣用句,7
荒波にもまれる,あらなみにもまれる,厳しい環境を経験する。,海外市場で荒波にもまれた。,慣用句,15
波に乗る,なみにのる,勢いに乗って順調に進む。,新商品が波に乗っている。,慣用句,4
先陣を切る,せんじんをきる,真っ先に取りかかる。,若手が先陣を切った。,慣用句,12
馬が合う,うまがあう,性格や気がよく合う。,同僚とは不思議と馬が合う。,慣用句,2
猫の手も借りたい,ねこのてもかりたい,非常に忙しい。,引っ越し前は猫の手も借りたい。,慣用句,5
猫をかぶる,ねこをかぶる,本性を隠しておとなしく見せる。,入社直後は猫をかぶっていた。,慣用句,2
猫の額ほど,ねこのひたいほど,非常に狭いさま。,庭は猫の額ほどの広さだ。,慣用句,11
飼い犬に手を噛まれる,かいいぬにてをかまれる,恩を受けた相手に裏切られる。,信頼していた部下に飼い犬に手を噛まれた。,慣用句,2
馬の骨,うまのほね,素性の知れない者。,どこの馬の骨かわからない人物だ。,慣用句,10
寝た子を起こす,ねたこをおこす,収まりかけた物事を刺激して問題を再燃させる。,その話題は寝た子を起こすだけだ。,慣用句,10
枕を高くして寝る,まくらをたかくしてねる,安心して眠る・心配がない。,不審点がなくなり枕を高くして寝られる。,慣用句,8
右肩上がりになる,みぎかたあがりになる,経済状況などが順調に伸びる。,受注は右肩上がりになった。,慣用句,7
うなぎのぼりになる,うなぎのぼりになる,物価や人気が急速に上がる。,再販で評価がうなぎのぼりになった。,慣用句,7
雪だるま式に増える,ゆきだるましきにふえる,連鎖して膨らみ続ける。,借金が雪だるま式に増えた。,慣用句,7
手がかかる,てがかかる,世話に手間がかかる。,この仕事は手がかかる。,慣用句,8
手を焼かされる,てをやかされる,扱いに困らされる。,新人対応に手を焼かされている。,慣用句,8
手を変え品を変え,てをかえしなをかえ,様々な工夫を重ねる。,販促を手を変え品を変え試した。,慣用句,1
手の内を明かす,てのうちをあかす,秘策や情報を公開する。,交渉で手の内を明かした。,慣用句,10
手を組む,てをくむ,協力関係を結ぶ。,競合同士が手を組んだ。,慣用句,13
目から火が出る,めからひがでる,強い痛みや恥ずかしさを感じる。,机に頭をぶつけて目から火が出た。,慣用句,12
心に刻む,こころにきざむ,忘れないよう深く覚える。,教訓を心に刻んだ。,慣用句,10
心に染みる,こころにしみる,深く感動する・身にしみる。,言葉が心に染みた。,慣用句,11
心の支えになる,こころのささえになる,支えや励みになる。,家族の存在が心の支えになった。,慣用句,8
心を交わす,こころをかわす,互いに気持ちを通わせる。,短い手紙で心を交わした。,慣用句,2
心を添える,こころをそえる,思いやりを添えて対応する。,贈り物に心を添えた。,慣用句,9
息を吹き込む,いきをふきこむ,新たな活力を与える。,老舗に若手が息を吹き込んだ。,慣用句,15
息を長くする,いきをながくする,辛抱強く続ける。,息を長くして育成に当たる。,慣用句,14
手綱を締める,たづなをしめる,統制を強める。,繁忙期に向けて手綱を締めた。,慣用句,12
ふんどしを締め直す,ふんどしをしめなおす,気を引き締め直す。,決戦前にふんどしを締め直した。,慣用句,12
腰骨を立てる,こしぼねをたてる,気力を奮い起こす。,非正規雇用改善へ腰骨を立てた。,慣用句,12
身を投じる,みをとうじる,思い切って参加する・専念する。,地域医療に身を投じた。,慣用句,12
身を引き受ける,みをひきうける,責任を自ら担う。,難役を身を引き受けた。,慣用句,13
身を引き寄せる,みをひきよせる,相手を抱き寄せる・近づける。,泣く子を身を引き寄せた。,慣用句,9
身を置く,みをおく,その環境に暮らす・属する。,最前線に身を置いて学ぶ。,慣用句,15
藪をつついて蛇を出す,やぶをつついてへびをだす,余計なことをして災いを招く。,藪をつついて蛇を出すまねはするな。,慣用句,10
柳に風と受け流す,やなぎにかぜとうけながす,しなやかに受け流す。,批判は柳に風と受け流した。,慣用句,10
骨に刻む,ほねにきざむ,深く忘れぬよう心身に刻む。,敗戦の悔しさを骨に刻んだ。,慣用句,14
骨を鳴らす,ほねをならす,準備して力を入れる気配を見せる。,開幕へ向けて骨を鳴らした。,慣用句,12
顔に泥を塗る,かおにどろをぬる,相手の名誉を傷つける。,納期遅れは取引先の顔に泥を塗ることになる。,慣用句,2
顔が立つ,かおがたつ,面目が保たれる。,代替案が通ってこちらの顔が立った。,慣用句,2
頭を下げる,あたまをさげる,謝罪やお願いをする。,不手際を詫びて関係先に頭を下げた。,慣用句,10
頭角を現す,とうかくをあらわす,才能が目立ち始める。,若手が国際大会で頭角を現した。,慣用句,15
目を留める,めをとめる,注意して見る・注目する。,彼の提案に役員が目を留めた。,慣用句,3
目を配り続ける,めをくばりつづける,絶えず注意を行き届かせる。,安全管理に目を配り続けた。,慣用句,13
目が届かない,めがとどかない,監督が行き渡らない。,遠隔拠点までは目が届かない。,慣用句,13
目に焼き付く,めにやきつく,強い印象として残る。,夕焼けの色が今も目に焼き付いている。,慣用句,11
耳に入れる,みみにいれる,知らせる・伝える。,決定事項は速やかに関係者の耳に入れてほしい。,慣用句,13
耳を貸し切る,みみをかしきる,注意を完全に向ける。,要点だけでも耳を貸し切ってほしい。,慣用句,3
耳がそばだつ,みみがそばだつ,思わず注意を向ける。,不穏な単語に耳がそばだった。,慣用句,12
鼻をつまむ,はなをつまむ,嫌悪感をこらえる。,臭気に鼻をつまんで現場を確認した。,慣用句,8
鼻の穴をふくらます,はなのあなをふくらます,得意げにする。,小成功で鼻の穴をふくらませている。,慣用句,10
口を出す,くちをだす,関与して意見を差し挟む。,現場の作業に上層部が口を出しすぎだ。,慣用句,13
口を極めてほめる,くちをきわめてほめる,非常にほめる。,講演は口を極めてほめられた。,慣用句,11
口を割らせる,くちをわらせる,白状させる。,粘り強く聞き取りをして口を割らせた。,慣用句,10
舌を巻かせる,したをまかせる,相手を感嘆させる。,緻密な分析で聴衆を舌を巻かせた。,慣用句,3
歯を食いしばって耐える,はをくいしばってたえる,苦痛をこらえて努力する。,冬の合宿を歯を食いしばって耐えた。,慣用句,14
首をひねる,くびをひねる,疑問に思う。,説明が曖昧で首をひねった。,慣用句,3
首を縦に振る,くびをたてにふる,承諾する。,ようやく取引先が首を縦に振った。,慣用句,12
肩を貸して歩く,かたをかしてあるく,支えて助ける。,足を痛めた友を肩を貸して歩いた。,慣用句,13
肩の荷を背負う,かたのにをせおう,重大な責任を負う。,新体制で私は肩の荷を背負った。,慣用句,8
胸に迫る,むねにせまる,強く感動させる。,被災地の合唱が胸に迫った。,慣用句,11
胸にしまい込む,むねにしまいこむ,心の中だけに留める。,本音は胸にしまい込んだ。,慣用句,10
腹を割って語る,はらをわってかたる,本音で話す。,利害抜きで腹を割って語ろう。,慣用句,2
腹に落とし込む,はらにおとしこむ,よく理解して納得する。,現場目線で腹に落とし込んだ。,慣用句,3
腹を据えてやる,はらをすえてやる,覚悟して取り組む。,長期戦だと腹を据えてやる。,慣用句,12
背中を見せる,せなかをみせる,模範を示す・逃げるの意もあるが前者で用いる。,子どもに働く背中を見せたい。,慣用句,10
背に受ける,せにうける,圧力や風当たりを受ける。,批判を背に受けながらも前進した。,慣用句,12
腰を据え込む,こしをすえこむ,長く腰を落ち着ける。,研究室に腰を据え込んだ。,慣用句,1
腰を据えて臨む,こしをすえてのぞむ,覚悟を決めて向き合う。,決勝には腰を据えて臨む。,慣用句,12
手を取って導く,てをとってみちびく,親しく助け導く。,新人を手を取って導いた。,慣用句,13
手を汲む,てをくむ,協力する（手を組むの意）。,市民と行政が手を汲んだ。,慣用句,13
手が届かぬ,てがとどかぬ,到達できない。,理想だが今は手が届かぬ。,慣用句,4
手が出ない,てがでない,難しくて扱えない・資金が足りない。,価格が高すぎて手が出ない。,慣用句,7
手が滑る,てがすべる,うっかり失敗する。,緊張で手が滑ってファイルを消した。,慣用句,4
手を緩めない,てをゆるめない,努力や警戒を弱めない。,品質管理の手を緩めない。,慣用句,1
手を広げすぎない,てをひろげすぎない,分散しすぎない。,今期は手を広げすぎない方針だ。,慣用句,7
手を握って和解する,てをにぎってわかいする,仲直りする。,長年の対立を手を握って和解した。,慣用句,13
足を引き寄せる,あしをひきよせる,近づける・呼び込む。,好条件が足を引き寄せてくる。,慣用句,5
足をそろえる,あしをそろえる,歩調を合わせる。,多部署で足をそろえて対応した。,慣用句,13
足元に火がつく,あしもとにひがつく,差し迫った危機に直面する。,締め切り前で足元に火がついた。,慣用句,12
二本足で立つ,にほんあしでたつ,自立する。,親会社に頼らず二本足で立つ。,慣用句,15
爪を隠し通す,つめをかくしとおす,実力を見せずにいる。,決勝まで爪を隠し通した。,慣用句,4
指を差し示す,ゆびをさししめす,方向や要点を示す。,改善点を指を差し示して説明した。,慣用句,3
指を鳴らす,ゆびをならす,準備や合図をする・期待する。,開演前に指を鳴らした。,慣用句,11
喉を潤す,のどをうるおす,飲んで渇きをいやす。,休憩で水を飲み喉を潤した。,慣用句,8
頬を染める,ほおをそめる,恥ずかしさで赤くなる。,褒められて頬を染めた。,慣用句,9
あごを外させるほど笑う,あごをはずさせるほどわらう,大笑いする。,会場はあごを外させるほど笑いに包まれた。,慣用句,11
肝を据える,きもをすえる,度胸を決める。,一世一代の舞台で肝を据えた。,慣用句,12
肝を据え直す,きもをすえなおす,改めて覚悟を固める。,再建に向けて肝を据え直した。,慣用句,12
血相を変える,けっそうをかえる,驚きや怒りで顔色を変える。,非常ベルに血相を変えて走った。,慣用句,12
血の通った,ちのとおった,思いやりのある。,血の通った制度設計に改めた。,慣用句,10
骨身を削る,ほねみをけずる,苦労を重ねる。,家族のため骨身を削って働いた。,慣用句,1
骨の折れる,ほねのおれる,大変な手間がかかる。,骨の折れる交渉だった。,慣用句,1
身を固め直す,みをかためなおす,家庭や体制を整え直す。,転居を機に身を固め直した。,慣用句,9
身を清める,みをきよめる,心身を正す。,新年に身を清めて臨む。,慣用句,10
身にまとわせる,みにまとわせる,身につける・雰囲気を持たせる。,春色を身にまとわせた装いだ。,慣用句,11
身を寄せ合う,みをよせあう,助け合って暮らす。,避難所で身を寄せ合って夜を明かした。,慣用句,13
心に留める,こころにとめる,記憶して配慮する。,注意点を心に留めておく。,慣用句,10
心に引っかかる,こころにひっかかる,気になる。,一文が心に引っかかった。,慣用句,8
心を寄せ続ける,こころをよせつづける,関心や思いやりを持ち続ける。,被災地に心を寄せ続けた。,慣用句,13
心を砕き抜く,こころをくだきぬく,徹底して配慮する。,育成に心を砕き抜いた。,慣用句,13
心を燃やす,こころをもやす,情熱を持つ。,地域のために心を燃やした。,慣用句,12
気が張り詰める,きがはりつめる,強い緊張が続く。,会場に気が張り詰めた空気が漂う。,慣用句,12
気に留め続ける,きにとめつづける,忘れず配慮し続ける。,小さな合図を気に留め続けた。,慣用句,10
気を取り結ぶ,きをとりむすぶ,気持ちを立て直す。,一晩寝て気を取り結んだ。,慣用句,14
気を配り尽くす,きをくばりつくす,隅々まで配慮する。,式典では気を配り尽くした。,慣用句,13
気を揉み抜く,きをもみぬく,長く心配し続ける。,合格発表まで気を揉み抜いた。,慣用句,8
二の句が継げない,にのくがつげない,驚いて言葉が続かない。,ニュースに二の句が継げなかった。,慣用句,12
痺れを切らす,しびれをきらす,待ちくたびれて我慢できなくなる。,返事が来ず痺れを切らした。,慣用句,14
色をなす,いろをなす,怒って顔色を変える。,不正発覚に色をなして抗議した。,慣用句,10
尻に火がつく,しりにひがつく,差し迫って慌てる。,締切直前で尻に火がついた。,慣用句,12
尻馬に乗る,しりうまにのる,よく考えず人の意見に同調する。,流行に尻馬に乗るのは危険だ。,慣用句,10
尻を叩く,しりをたたく,奮起させる。,部下の背中を押し尻を叩いた。,慣用句,12
尻込みする,しりごみする,怖気づいてためらう。,初舞台に尻込みした。,慣用句,12
息がかかる,いきがかかる,影響下に置かれる。,審査員に彼の息がかかっているらしい。,慣用句,10
息がつまる,いきがつまる,緊張や圧迫で苦しく感じる。,満員電車で息がつまった。,慣用句,8
息を長く保つ,いきをながくたもつ,粘り強く続ける。,支援は息を長く保つべきだ。,慣用句,14
涙に暮れる,なみだにくれる,悲しみに沈む。,別れの日は涙に暮れた。,慣用句,11
涙を禁じ得ない,なみだをきんじえない,強く感動して涙が出る。,功績をたたえる映像に涙を禁じ得なかった。,慣用句,11
身に沁み渡る,みにしみわたる,深く感じる。,夜風の冷たさが身に沁み渡った。,慣用句,6
身を切られる思い,みをきられるおもい,非常につらく感じる。,人員削減は身を切られる思いだ。,慣用句,7
身を置き換える,みをおきかえる,立場を変えて考える。,相手の身を置き換えて検討した。,慣用句,10
汗を流す,あせをながす,一生懸命働く・運動する。,現場で汗を流して信頼を得た。,慣用句,1
火を点ける,ひをつける,やる気を起こさせる。,若手に火を点けたのは先輩の一言だ。,慣用句,12
水をあける,みずをあける,大差をつける。,後半で一気に水をあけた。,慣用句,4
水をかぶる,みずをかぶる,責任や非難を受ける。,失敗の責任を私が水をかぶった。,慣用句,10
雨に流される,あめにながされる,計画が中止になる。,イベントは雨に流された。,慣用句,6
風当たりが強い,かぜあたりがつよい,世間の批判が厳しい。,改革案は風当たりが強い。,慣用句,10
土台から見直す,どだいからみなおす,根本からやり直す。,制度を土台から見直した。,慣用句,1
時を移さず,ときをうつさず,すぐに・遅れずに。,時を移さず対応した。,慣用句,5
間髪を入れず,かんはつをいれず,すぐさま。,質問に間髪を入れず答えた。,慣用句,5
手前味噌にする,てまえみそにする,自分の手柄を誇る。,手前味噌にするつもりはないが成果は大きい。,慣用句,10
しっぺ返しを食う,しっぺがえしをくう,報復を受ける。,軽率な値下げでしっぺ返しを食った。,慣用句,7
骨組みを固める,ほねぐみをかためる,構成を整える。,計画の骨組みを固めた。,慣用句,1
目安を立てる,めやすをたてる,おおよその基準を決める。,達成時期の目安を立てた。,慣用句,3
顔色を変える,かおいろをかえる,驚きや動揺を示す。,突然の指名に顔色を変えた。,慣用句,12
心の支えを失う,こころのささえをうしなう,励みを失う。,恩師の死で心の支えを失った。,慣用句,11
気持ちを切り替える,きもちをきりかえる,気分を新たにする。,負けても気持ちを切り替えた。,慣用句,14
面目を保つ,めんもくをたもつ,立場や名誉を守る。,最終的に面目を保てた。,慣用句,2
顔を立て合う,かおをたてあう,互いの面子を守り合う。,交渉では顔を立て合った。,慣用句,13
顔に書いてある,かおにかいてある,心中が表情に出ていて一目で分かる。,驚きが顔に書いてあるよ。,慣用句,2
顔をつなぐ,かおをつなぐ,関係を保つために出入りする。,旧知の店に顔をつないでおく。,慣用句,13
顔を合わせない,かおをあわせない,意図的に会わないようにする。,気まずくてしばらく顔を合わせないでいた。,慣用句,2
顔から火が出る,かおからひがでる,非常に恥ずかしい思いをする。,読み違えて顔から火が出た。,慣用句,10
頭を冷やす,あたまをひやす,感情を抑えて冷静になる。,いったん頭を冷やしてから話そう。,慣用句,12
頭を下げっぱなしにする,あたまをさげっぱなしにする,謝罪やお願いを続ける。,不手際で数日頭を下げっぱなしにした。,慣用句,10
目が点になる,めがてんになる,驚きあきれて固まる。,想定外の数字に目が点になった。,慣用句,12
目が据わる,めがすわる,緊張や疲れで鋭い目つきになる。,徹夜続きで目が据わっている。,慣用句,8
目をそらす,めをそらす,直視しない。,不都合な事実から目をそらすな。,慣用句,12
目を泳がせる,めをおよがせる,挙動が不審になる。,追及されて目を泳がせた。,慣用句,10
目を覆う,めをおおう,見るに忍びない。,被害の大きさは目を覆うばかりだ。,慣用句,11
目の当たりにする,まのあたりにする,実際に見る。,現場の混乱を目の当たりにした。,慣用句,6
目から鼻へ抜ける,めからはなへぬける,非常に賢いさま。,彼女は目から鼻へ抜ける切れ者だ。,慣用句,3
耳打ちする,みみうちする,小声でこっそり伝える。,隣で作戦を耳打ちした。,慣用句,13
鼻をへし折る,はなをへしおる,相手の慢心をくじく。,実力を示して彼の鼻をへし折った。,慣用句,4
鼻を鳴らすな,はなをならすな,得意げにしないよう戒める。,成功しても鼻を鳴らすな。,慣用句,10
口が悪い,くちがわるい,言い方がきつい。,口が悪いと誤解を招く。,慣用句,10
口を極力慎む,くちをきょくりょくつつしむ,発言を控えめにする。,係争中は口を極力慎もう。,慣用句,10
口を開きたがらない,くちをひらきたがらない,話すのを避ける。,関係者は口を開きたがらない。,慣用句,2
舌が回らない,したがまわらない,緊張などでうまく話せない。,面接で舌が回らなかった。,慣用句,12
舌を噛む,したをかむ,発言を悔やむ。,余計な一言に舌を噛んだ。,慣用句,10
歯止めをかける,はどめをかける,悪化を食い止める。,物価高に歯止めをかけたい。,慣用句,7
喉を通らない,のどをとおらない,食欲がないほど心配だ。,緊張で朝食が喉を通らない。,慣用句,8
首をすくめる,くびをすくめる,恐れや遠慮で身を縮める。,叱責に首をすくめた。,慣用句,12
首を切られる,くびをきられる,解雇される。,不祥事で首を切られた。,慣用句,7
肩身が狭い,かたみがせまい,立場が弱く居心地が悪い。,成績不振で肩身が狭い。,慣用句,10
肩を持たない,かたをもたない,特定の側につかない。,審判は誰の肩も持たない。,慣用句,10
胸をえぐられる,むねをえぐられる,強い痛みや悲しみを感じる。,記事を読んで胸をえぐられた。,慣用句,11
胸を突かれる,むねをつかれる,はっとさせられるほど驚く。,一言に胸を突かれた。,慣用句,12
胸を痛める,むねをいためる,深く心を痛める。,事故の報に胸を痛めた。,慣用句,11
腹が煮えくり返る,はらがにえくりかえる,怒りで我慢できない。,不当な扱いに腹が煮えくり返った。,慣用句,10
腹を合わせる,はらをあわせる,意見や方針を一致させる。,最終局面で腹を合わせた。,慣用句,13
腑に落ちる,ふにおちる,納得がいく。,説明でようやく腑に落ちた。,慣用句,3
肝が冷える,きもがひえる,ひどく怖い思いをする。,ヒヤリとする場面に肝が冷えた。,慣用句,12
骨身を惜しまず尽くす,ほねみをおしまずつくす,労をいとわず努力する。,地域医療に骨身を惜しまず尽くした。,慣用句,1
骨が折れる仕事だ,ほねがおれるしごとだ,大変な手間がかかる。,引っ越し準備は骨が折れる仕事だ。,慣用句,1
腕によりをかける,うでによりをかける,腕前を発揮して丁寧に作る。,今夜は腕によりをかけて料理する。,慣用句,11
腕を鳴らす,うでをならす,腕前を披露しようと意気込む。,新プロジェクトで腕を鳴らしている。,慣用句,12
手を回す,てをまわす,裏で手配する。,水面下で手を回して根回しした。,慣用句,13
手をかける,てをかける,丹念に世話や工夫を施す。,手をかけた製品ほど愛着が湧く。,慣用句,11
手を上げる,てをあげる,暴力を振るう・降参するの意もある。,議論で感情的になって手を上げてはならない。,慣用句,10
手に職をつける,てにしょくをつける,技能を身につける。,若いうちに手に職をつけておこう。,慣用句,1
手がふさがる,てがふさがる,忙しく自由がきかない。,今は手がふさがっている。,慣用句,8
手取り足取り教える,てとりあしどりおしえる,懇切丁寧に教える。,新人に手取り足取り教えた。,慣用句,13
足並みが乱れる,あしなみがみだれる,協調が崩れる。,方針転換で足並みが乱れた。,慣用句,13
足を踏み固める,あしをふみかためる,基盤を着実に築く。,地方で足を踏み固めて事業を広げる。,慣用句,1
足を止めさせる,あしをとめさせる,立ち止まらせるほど引きつける。,新作の展示が人の足を止めさせた。,慣用句,11
足をからめ取られる,あしをからめとられる,巧妙な策にはまって動けなくなる。,条件闘争に足をからめ取られた。,慣用句,4
身をかわす,みをかわす,素早く避ける。,落下物から身をかわした。,慣用句,12
身を持ち崩す,みをもちくずす,生活が荒れて破滅に向かう。,賭け事で身を持ち崩した。,慣用句,10
身に余る,みにあまる,自分には過ぎた大役である。,身に余る評価をいただいた。,慣用句,4
身の程を知る,みのほどをしる,自分の力量をわきまえる。,無理をせず身の程を知れ。,慣用句,10
水の泡になる,みずのあわになる,努力が無駄になる。,データ破損で成果が水の泡になった。,慣用句,4
水を向ける,みずをむける,相手が話しやすいように仕向ける。,本題に入る前に水を向けた。,慣用句,2
水面下で動く,すいめんかでうごく,表に出さずに進める。,合意形成を水面下で動いた。,慣用句,13
火を噴く,ひをふく,勢いよく噴出する・激しい反応を示す。,抗議が火を噴いた。,慣用句,12
雷を落とす,かみなりをおとす,激しく叱る。,提出遅れで雷を落とされた。,慣用句,10
風を切って進む,かぜをきってすすむ,勢いよく前進する。,自転車で風を切って進んだ。,慣用句,15
空気を壊す,くうきをこわす,場の雰囲気を悪くする。,余計な一言で空気を壊した。,慣用句,10
根回しをする,ねまわしをする,事前に関係者と調整する。,承認前に十分根回しをした。,慣用句,13
一目置く,いちもくおく,相手の実力を認めて敬意を払う。,彼の分析力には一目置いている。,慣用句,3
一矢を報いる,いっしをむくいる,反撃して一部でも挽回する。,終盤で一矢を報いた。,慣用句,12
一歩引く,いっぽひく,前に出ず控えめにする。,今回は一歩引いて支える。,慣用句,10
一枚かむ,いちまいかむ,事に関与する。,私もこの計画に一枚かもう。,慣用句,13
二枚舌を使う,にまいじたをつかう,相手によって言うことを変える。,二枚舌を使うと信用を失う。,慣用句,10
二の足を踏ませない,にのあしをふませない,ためらわせない。,十分な説明で二の足を踏ませない。,慣用句,12
手綱を緩めない,たづなをゆるめない,統制を弱めない。,繁忙期でも手綱を緩めない。,慣用句,12
気が緩む,きがゆるむ,張りつめた気持ちがとける。,合格を知って気が緩んだ。,慣用句,8
気に掛ける,きにかける,心配して配慮する。,離れて暮らす親を気に掛けている。,慣用句,10
気を利かせる,きをきかせる,相手の必要を先回りして行う。,受付に椅子を増やすなど気を利かせた。,慣用句,2
気を引き締める,きをひきしめる,注意を強める。,年度末に向けて気を引き締めた。,慣用句,12
心を奮い立たせる,こころをふるいたたせる,勇気・やる気を湧かせる。,仲間の声で心を奮い立たせた。,慣用句,12
忍び足で歩く,しのびあしであるく,気づかれないように歩く。,子どもたちは忍び足で近づいた。,慣用句,12
息が合う,いきがあう,調子がぴったり合う。,演奏者同士の息が合っている。,慣用句,13
息を殺す,いきをころす,気配を消してじっとする。,サプライズの瞬間まで息を殺した。,慣用句,12
背筋を伸ばす,せすじをのばす,姿勢を正し気持ちを引き締める。,式典で背筋を伸ばした。,慣用句,12
胸を張り直す,むねをはりなおす,自信を取り戻す。,敗戦後に胸を張り直した。,慣用句,12
爪を研ぐ,つめをとぐ,決戦に向けて準備する。,挑戦者たちが爪を研いでいる。,慣用句,12
指導力を発揮する,しどうりょくをはっきする,リーダーシップを示す。,危機で指導力を発揮した。,慣用句,12
指を鳴らして待つ,ゆびをならしてまつ,期待して準備万端で待つ。,解禁日に指を鳴らして待った。,慣用句,11
身を守る,みをまもる,自分の安全を確保する。,まずは身を守る行動を。,慣用句,12
目が霞む,めがかすむ,他のものが優れて見えなくなる・疲れてよく見えない。,先輩の成果を前に自分の実績が目が霞む。,慣用句,11
目が泳ぐ,めがおよぐ,落ち着きがなく挙動が不審になる。,追及されて目が泳いだ。,慣用句,10
目が肥えすぎる,めがこえすぎる,良し悪しに厳しくなる。,名店巡りで目が肥えすぎてしまった。,慣用句,11
目を凝らす,めをこらす,よく見ようとして注意を集中する。,暗がりで標識に目を凝らした。,慣用句,6
目を配らない,めをくばらない,注意が行き届かない。,遠隔拠点までは目を配らないと危ない。,慣用句,13
目を離さない,めをはなさない,注意し続ける。,幼児からは目を離さないでください。,慣用句,8
目に余るほど,めにあまるほど,度が過ぎて見過ごせないほど。,目に余るほどの暴言だった。,慣用句,10
耳に入らない,みみにはいらない,注意していても聞き取れない・受け入れられない。,動揺して説明が耳に入らない。,慣用句,8
耳につく,みみにつく,しつこく聞こえて不快に感じる。,宣伝文句が耳につく。,慣用句,10
耳を塞がない,みみをふさがない,不都合でも聞く姿勢を保つ。,反対意見にも耳を塞がないで議論した。,慣用句,13
鼻息が荒い,はないきがあらい,意気込みが強く勢いづいている。,新規参入で鼻息が荒い。,慣用句,12
鼻が曲がる,はながまがる,ひどい悪臭で耐えがたい。,ごみ置き場の臭いに鼻が曲がりそうだ。,慣用句,8
鼻持ちならない,はなもちならない,自慢が鼻につき不快だ。,鼻持ちならない態度に皆が黙った。,慣用句,10
口をつける,くちをつける,飲食を始める・手を付ける。,乾杯の合図でスープに口をつけた。,慣用句,8
口にする,くちにする,言う・食べるの意。,軽々しく噂話を口にするな。,慣用句,10
口を割らない,くちをわらない,白状しない。,関係者は最後まで口を割らなかった。,慣用句,10
舌鼓を打つ,したつづみをうつ,美味しさに満足して音を立てる。,旬の料理に舌鼓を打った。,慣用句,11
舌の根が乾かないうちに,したのねがかわかないうちに,言ってすぐに。,舌の根が乾かないうちに前言を翻した。,慣用句,10
喉を詰まらせる,のどをつまらせる,驚きや緊張で言葉が出ない・食べ物が詰まる。,想定外の質問に喉を詰まらせた。,慣用句,12
首をすげ替える,くびをすげかえる,人員や体制を入れ替える。,不祥事で幹部を首をすげ替えた。,慣用句,15
首が据わる,くびがすわる,基盤が安定する・赤子の首が据わるの意から。,新体制の運営に首が据わってきた。,慣用句,15
首を長く待つ,くびをながくまつ,今か今かと待ち望む。,発売日を首を長く待っている。,慣用句,5
肩で息をする,かたでいきをする,苦しくて激しく呼吸する。,全力疾走で肩で息をした。,慣用句,8
肩に力が入る,かたにちからがはいる,緊張して硬くなる。,初舞台で肩に力が入った。,慣用句,12
胸がすく思い,むねがすくおもい,鬱憤が晴れて爽快に感じる。,正論が通って胸がすく思いだ。,慣用句,10
胸に迫るものがある,むねにせまるものがある,強く感動する。,演奏に胸に迫るものがあった。,慣用句,11
胸の内に秘める,むねのうちにひめる,心の中にとどめておく。,不安は胸の内に秘めた。,慣用句,10
腹が据えかねる,はらがすえかねる,怒りや不満を抑えきれない。,侮辱的な言葉は腹が据えかねる。,慣用句,10
腹を肥やす,はらをこやす,不正な利益を得る。,立場を利用して腹を肥やすな。,慣用句,10
腹を読まれる,はらをよまれる,本心を見透かされる。,沈黙が多いと腹を読まれる。,慣用句,2
腑に落ちない,ふにおちない,納得できない。,説明が腑に落ちない。,慣用句,3
肝を据えて臨む,きもをすえてのぞむ,覚悟を決めて向き合う。,最終交渉に肝を据えて臨む。,慣用句,12
気が変わる,きがかわる,考えが変化する。,話し合いで気が変わった。,慣用句,15
気が遠くなる,きがとおくなる,非常に驚く・めまいがする。,膨大な量に気が遠くなった。,慣用句,12
気が張る,きがはる,緊張している。,本番前で気が張っている。,慣用句,12
気が回らない,きがまわらない,先を見越して配慮できない。,多忙で気が回らない。,慣用句,8
気が向かない,きがむかない,その気になれない。,今日は外出する気が向かない。,慣用句,8
気を許す,きをゆるす,警戒を解いて親しくする。,長年の付き合いで気を許した。,慣用句,2
気を静める,きをしずめる,落ち着かせる。,深呼吸して気を静めた。,慣用句,8
気を紛らわす,きをまぎらわす,気持ちを他に向けて忘れようとする。,散歩で不安を気を紛らわした。,慣用句,8
気を取り戻す,きをとりもどす,平常心に戻る。,休憩して気を取り戻した。,慣用句,14
心に火をつける,こころにひをつける,やる気を引き出す。,先輩の一言が心に火をつけた。,慣用句,12
心に決める,こころにきめる,決意を固める。,この道で生きると心に決めた。,慣用句,12
心を許さない,こころをゆるさない,警戒心を解かない。,相手の真意が見えるまで心を許さない。,慣用句,10
心を砕かない,こころをくだかない,十分に配慮しない。,顧客の立場に心を砕かないのは問題だ。,慣用句,10
心を打たれる,こころをうたれる,深く感動する。,子どもの言葉に心を打たれた。,慣用句,11
骨を埋める覚悟,ほねをうずめるかくご,生涯をそこで終える覚悟。,地元に骨を埋める覚悟だ。,慣用句,12
骨まで染みる,ほねまでしみる,非常に強く身に感じる。,冬の寒さが骨まで染みた。,慣用句,6
身を潜める,みをひそめる,気配を消して隠れる。,嵐が過ぎるまで身を潜めた。,慣用句,12
身を寄せ合う暮らし,みをよせあうくらし,互いに助け合って暮らす。,停電の夜は身を寄せ合う暮らしだった。,慣用句,13
身に覚えがある,みにおぼえがある,心当たりがある。,遅延の件には身に覚えがある。,慣用句,7
身につまされる,みにつまされる,他人事と思えず強く感じる。,失業の話は身につまされる。,慣用句,10
身をもって学ぶ,みをもってまなぶ,経験から深く理解する。,現場で身をもって学んだ。,慣用句,3
身の丈に合わせる,みのたけにあわせる,分相応にする。,投資は身の丈に合わせよう。,慣用句,7
手塩にかける,てしおにかける,丹精して世話をする。,新人を手塩にかけて育てた。,慣用句,13
手心を加える,てごころをくわえる,事情を考慮して加減する。,初犯なので手心を加えた。,慣用句,10
手筈を整える,てはずをととのえる,事前の準備を整える。,式典の手筈を整えた。,慣用句,13
手にかかる,てにかかる,扱いを受ける・支配下に入る。,この件は私の手にかかっている。,慣用句,13
手に乗る,てにのる,相手のたくらみに引っかかる。,甘い誘いに手に乗るな。,慣用句,10
手を入れる,てをいれる,修繕・改善を加える。,文章に手を入れて読みやすくした。,慣用句,1
手を清める,てをきよめる,身を正して臨む。,新年の祈願前に手を清めた。,慣用句,10
手を握って進む,てをにぎってすすむ,協力して前進する。,地域と企業が手を握って進んだ。,慣用句,13
足が滑る,あしがすべる,足を踏み外す・失敗する。,焦って足が滑った。,慣用句,4
足元がおぼつかない,あしもとがおぼつかない,基盤が危うい・ふらつく。,資金繰りで足元がおぼつかない。,慣用句,7
足を延ばして寄る,あしをのばしてよる,予定より遠くまで行って立ち寄る。,帰りに温泉まで足を延ばして寄った。,慣用句,5
足を洗わない,あしをあらわない,悪習から抜けない。,危ない遊びから足を洗わないのは危険だ。,慣用句,10
足を取られる,あしをとられる,状況に翻弄されて動けない。,ぬかるみに足を取られた。,慣用句,6
指をさされる,ゆびをさされる,世間から非難される。,不正で指をさされるのは避けたい。,慣用句,10
指を絡める,ゆびをからめる,親しく手をつなぐ。,恋人と指を絡めて歩いた。,慣用句,9
爪を研ぎ澄ます,つめをとぎすます,決戦に向けて準備を整える。,挑戦者たちが爪を研ぎ澄ました。,慣用句,12
背伸びをする,せのびをする,実力以上のことをしようとする。,背伸びをせず地道にやろう。,慣用句,15
背筋が凍る,せすじがこおる,恐怖で身がすくむ。,不意の揺れに背筋が凍った。,慣用句,12
眉を寄せ合う,まゆをよせあう,心配して相談し合う。,住民が眉を寄せ合って対応を話し合った。,慣用句,13
頬をつねる,ほおをつねる,現実かどうか確かめる。,合格が信じられず頬をつねった。,慣用句,11
涙をためる,なみだをためる,感動や悲しみで涙が目に浮かぶ。,別れの挨拶で涙をためた。,慣用句,11
胸に焼き付ける,むねにやきつける,強く記憶に刻む。,恩師の言葉を胸に焼き付けた。,慣用句,11
心に染み渡る,こころにしみわたる,深く感動が広がる。,静かな演奏が心に染み渡った。,慣用句,11
気を配らないで進める,きをくばらないですすめる,配慮を欠いたまま進める。,関係者に気を配らないで進めると反発を招く。,慣用句,10
気を配って動く,きをくばってうごく,細やかに配慮して行動する。,現場の事情に気を配って動いた。,慣用句,13
気を引かれる,きをひかれる,強く関心をそそられる。,新機能に気を引かれた。,慣用句,11
心を入れ直す,こころをいれなおす,気持ちを改める。,新年度に心を入れ直した。,慣用句,15
身を寄せて寝る,みをよせてねる,体を近づけ合って眠る。,寒い夜は身を寄せて寝た。,慣用句,8
身を固くして待つ,みをかたくしてまつ,緊張して待つ。,発表直前に身を固くして待った。,慣用句,12
身を粉にして尽くす,みをこにしてつくす,自分を犠牲にして努力する。,地域のため身を粉にして尽くした。,慣用句,1
骨身に染みる,ほねみにしみる,深く身に感じる。,指摘が骨身に染みた。,慣用句,14
